,category,title,score,id,url,comment1
0,controversial,"Woman grows giant pumpkins in her front yard, Is surprised when someone destroys them.",0.0,z6i7j,http://www.dailynews.com/news/ci_21444983/pasadena-womans-prize-winning-pumpkins-destroyed,http://www.dailynews.com/news/ci_21444983/pasadena-womans-prize-winning-pumpkins-destroyed
1,controversial,Thought of this while working outside today,0.0,12r91w,http://www.quickmeme.com/meme/3ro1o1/,http://www.quickmeme.com/meme/3ro1o1/
2,controversial,r/Gardening Rage Rage,0.0,j4j5h,http://i.imgur.com/EgGGX.png,http://i.imgur.com/EgGGX.png
3,controversial,Garden Rage,14.0,im1bz,http://i.imgur.com/6yMG6.jpg,http://i.imgur.com/6yMG6.jpg
4,controversial,My brother asked me why his plant died today.,0.0,tlllq,http://qkme.me/3p9kkb?id=223835483,http://qkme.me/3p9kkb?id=223835483
5,controversial,Is gardening making me become a horrible person???,34.0,879ehu,https://i.imgur.com/bgLe7Ai.jpg,https://i.imgur.com/bgLe7Ai.jpg
6,controversial,Complaint: I joined this sub to learn how to garden. All I got were people showing off their gardens.,0.0,cps4d9,https://www.reddit.com/r/gardening/comments/cps4d9/complaint_i_joined_this_sub_to_learn_how_to/,https://www.reddit.com/r/gardening/comments/cps4d9/complaint_i_joined_this_sub_to_learn_how_to/
7,controversial,Fuck it,0.0,b9yski,https://imgur.com/bzna1Ve,https://imgur.com/bzna1Ve
8,controversial,Found this guy in my blueberry bush; any advice to keep them away?,1.0,4stgbh,http://imgur.com/BsarHRO,http://imgur.com/BsarHRO
9,controversial,Is there a more advanced gardening subreddit?,5.0,1k9x3n,https://www.reddit.com/r/gardening/comments/1k9x3n/is_there_a_more_advanced_gardening_subreddit/,https://www.reddit.com/r/gardening/comments/1k9x3n/is_there_a_more_advanced_gardening_subreddit/
10,controversial,My Daughters trying Habaneros fresh from the garden,1.0,8ypzoi,https://v.redd.it/wywl3d0gpt911,https://v.redd.it/wywl3d0gpt911
11,controversial,Please lets keep this a comic-free subreddit.,4.0,j48qg,https://www.reddit.com/r/gardening/comments/j48qg/please_lets_keep_this_a_comicfree_subreddit/,https://www.reddit.com/r/gardening/comments/j48qg/please_lets_keep_this_a_comicfree_subreddit/
12,controversial,Been harvesting an Unusual Crop in the garden this week ...,0.0,4js1xy,https://scontent-iad3-1.xx.fbcdn.net/t31.0-8/13248410_1151366948217204_4208986548139753967_o.jpg,https://scontent-iad3-1.xx.fbcdn.net/t31.0-8/13248410_1151366948217204_4208986548139753967_o.jpg
13,controversial,Request: can pot plants be tagged NSFW?,3.0,dd08na,https://www.reddit.com/r/gardening/comments/dd08na/request_can_pot_plants_be_tagged_nsfw/,https://www.reddit.com/r/gardening/comments/dd08na/request_can_pot_plants_be_tagged_nsfw/
14,controversial,My pride n joy weighed in just under 2lbs,18.0,d3g4wb,https://i.redd.it/v2wwvch5w8m31.jpg,https://i.redd.it/v2wwvch5w8m31.jpg
15,controversial,I can‚Äôt be the only one who thinks this,1.0,b2baim,https://i.imgur.com/rwU0HAY.jpg,https://i.imgur.com/rwU0HAY.jpg
16,controversial,New to these,0.0,2yaoou,http://imgur.com/vYqrxGk,http://imgur.com/vYqrxGk
17,controversial,Not a good day to be a gopher in my garden!,0.0,gqjnc,http://imgur.com/YkI9H,http://imgur.com/YkI9H
18,controversial,#green #nature,1.0,8mpydi,https://i.redd.it/xwrnitecjl011.jpg,https://i.redd.it/xwrnitecjl011.jpg
19,controversial,"(Rant warning!) New gardeners: If you buy your plants, soils etc. at a big box store, please don't call/come to the few professional nursery/greenhouses left to fix what's wrong. We can barely survive as it is without taking our time to provide consultation for free.",4.0,6kf55l,https://www.reddit.com/r/gardening/comments/6kf55l/rant_warning_new_gardeners_if_you_buy_your_plants/,https://www.reddit.com/r/gardening/comments/6kf55l/rant_warning_new_gardeners_if_you_buy_your_plants/
20,controversial,Is this pot? My backyard is covered in these things.. how can i get rid of it?,0.0,1cpux0,http://i.imgur.com/MoF3Umn.jpg,http://i.imgur.com/MoF3Umn.jpg
21,controversial,MFW the squirrels dig up my raised bed before my grampy comes over for tgiving,0.0,13mjmf,http://i.imgur.com/4e3GL.gif,http://i.imgur.com/4e3GL.gif
22,controversial,My Wet Bush,3.0,w153f,http://imgur.com/HSKlZ,http://imgur.com/HSKlZ
23,controversial,My office for the day üòä,2.0,bmkwpo,https://i.redd.it/alb50zaza7x21.jpg,https://i.redd.it/alb50zaza7x21.jpg
24,controversial,How to keep slugs out of the house.,17.0,uzyp5,http://imgur.com/upUL7,http://imgur.com/upUL7
25,controversial,I have officially declared war on the squirrels and I am NOT taking prisoners.,2.0,32gz0a,https://www.reddit.com/r/gardening/comments/32gz0a/i_have_officially_declared_war_on_the_squirrels/,https://www.reddit.com/r/gardening/comments/32gz0a/i_have_officially_declared_war_on_the_squirrels/
26,controversial,What a beautiful colour combination made by God....,0.0,9ydy6d,https://i.redd.it/b5eqvqdh78z11.jpg,https://i.redd.it/b5eqvqdh78z11.jpg
27,controversial,Every time I see a 'harvest' picture on r/gardening...,31.0,jsz4g,http://www.quickmeme.com/meme/77q1/,http://www.quickmeme.com/meme/77q1/
28,controversial,Shotgun Flower Shell,0.0,1t1zm2,http://uncrate.com/stuff/shotgun-flower-shell/,http://uncrate.com/stuff/shotgun-flower-shell/
29,controversial,Like sending your kids walking to school in the ghetto.,1.0,1cvu7q,http://i.imgur.com/qvNqYJg.jpg,http://i.imgur.com/qvNqYJg.jpg
30,controversial,Enough with the bamboo fear mongering,1.0,2t09o2,https://www.reddit.com/r/gardening/comments/2t09o2/enough_with_the_bamboo_fear_mongering/,https://www.reddit.com/r/gardening/comments/2t09o2/enough_with_the_bamboo_fear_mongering/
31,controversial,"Hi,  So I'm trying to figure out what kind of ring this is.. maybe mason ring????",0.0,17iorg,http://i.imgur.com/eT3fOdm.jpg,http://i.imgur.com/eT3fOdm.jpg
32,controversial,Mother's day DIY patio that my brother and I made. Backbreaking work. Worth it.,18.0,1e6hwc,http://i.imgur.com/vObTTcw.jpg,http://i.imgur.com/vObTTcw.jpg
33,controversial,I see your tiny sassy carrot and raise you an adorable tiny baby... I mean watermelon,3.0,9dlezc,https://i.redd.it/lnfrswvxtnk11.jpg,https://i.redd.it/lnfrswvxtnk11.jpg
34,controversial,Gods amazing creation,3.0,91dfiv,https://i.redd.it/q538jl9s3tb11.jpg,https://i.redd.it/q538jl9s3tb11.jpg
35,controversial,One of the unintended side benefits of growing strawberries:  watching my wife pick them.  ,4.0,u77nn,http://i.imgur.com/QhKwJ.jpg,http://i.imgur.com/QhKwJ.jpg
36,controversial,True,0.0,bucnq2,https://i.redd.it/ist2n01eh4131.jpg,0.0
37,controversial,The mystery critter that's eaten all my veggies,0.0,1eik48,http://imgur.com/bQ45dcm,http://imgur.com/bQ45dcm
38,controversial,Fertilization Malady Chart - Deficiency and abundance.,0.0,svkq5,http://www.brotherhoodoffreedom.com/malady%20chart.jpg,http://www.brotherhoodoffreedom.com/malady%20chart.jpg
39,controversial,Instant karma,0.0,c19h7b,https://i.imgur.com/RWI3LY8.jpg,https://i.imgur.com/RWI3LY8.jpg
40,controversial,Going to be starting seeds indoors. Wondering what would be a decent cheap lighting solution.,0.0,2ybirw,https://www.reddit.com/r/gardening/comments/2ybirw/going_to_be_starting_seeds_indoors_wondering_what/,https://www.reddit.com/r/gardening/comments/2ybirw/going_to_be_starting_seeds_indoors_wondering_what/
41,controversial,Growing your own veggies is HARD!,0.0,2x4hji,http://www.youtube.com/attribution_link?a=xPVSCtPZmY8&u=%2Fwatch%3Fv%3DIWjX-p-JnMI%26feature%3Dshare,http://www.youtube.com/attribution_link?a=xPVSCtPZmY8&u=%2Fwatch%3Fv%3DIWjX-p-JnMI%26feature%3Dshare
42,controversial,Artificial bonsai can be very much useful for those who love decorating their house from bonsai but do not want to spend time on the crafting and maintenance of natural bonsai.,0.0,dubbf,http://home-and-gardening.info/2010/10/20/artificial-bonsai-for-enhancing-your-home-decor/,http://home-and-gardening.info/2010/10/20/artificial-bonsai-for-enhancing-your-home-decor/
43,controversial,Supreme Court Allows Monsanto To Sue Farmers,0.0,4n70bq,http://yournewswire.com/supreme-court-allows-monsanto-to-sue-farmers/,http://yournewswire.com/supreme-court-allows-monsanto-to-sue-farmers/
44,controversial,Buying seeds from Amazon?,1.0,2x1bmc,https://www.reddit.com/r/gardening/comments/2x1bmc/buying_seeds_from_amazon/,https://www.reddit.com/r/gardening/comments/2x1bmc/buying_seeds_from_amazon/
45,controversial,Talk About Root Bound,0.0,vus1n,http://i.imgur.com/tFVlt.jpg,http://i.imgur.com/tFVlt.jpg
46,controversial,Now That's A Crazy Root System,0.0,vurz0,http://i.imgur.com/kcntM.jpg,http://i.imgur.com/kcntM.jpg
47,controversial,My very first banana pepper but I don't know what to do with it lol,2.0,crw25i,https://i.redd.it/zpwc5yzsj4h31.jpg,https://i.redd.it/zpwc5yzsj4h31.jpg
48,controversial,Happy World Naked Gardening Day (WNGD),30.0,4ia1jr,http://imgur.com/fkWjQzQ,http://imgur.com/fkWjQzQ
49,controversial,I'm gonna have to science the shit out of this,6.0,3yxr28,http://imgur.com/a/Oyxzh,http://imgur.com/a/Oyxzh
50,controversial,A photo from two summers ago. This was my first time ever growing sunflowers.,48.0,9cwekn,https://i.redd.it/afvfr90r2fdz.jpg,https://i.redd.it/afvfr90r2fdz.jpg
51,controversial,First Time Gardening? Follow me! I'm documenting my experiences with urban gardening with zero experience.,4.0,215zg3,http://backyardenvancouver.tumblr.com/,http://backyardenvancouver.tumblr.com/
52,controversial,Time for a toke üë®üèº‚Äçüåæ‚ò∫Ô∏è,8.0,bm95k7,https://i.redd.it/1s6q1o37a1x21.jpg,https://i.redd.it/1s6q1o37a1x21.jpg
53,controversial,Fuck yew,1.0,e762bm,https://imgur.com/e4wDctH,https://imgur.com/e4wDctH
54,controversial,Broke two nails while working with my hands in the garden. This is what happens when you try to have it all!,0.0,dujzwh,https://i.redd.it/dvmvhb7n9yx31.jpg,https://i.redd.it/dvmvhb7n9yx31.jpg
55,controversial,Grandson took a nice photo of me last week giving the back yard tree a much needed trim. Make sure you have enough gas in the weedwacker so you don‚Äôt have to go up and down the ladder.,2.0,93thjn,https://i.redd.it/ukwnmqot0kd11.jpg,https://i.redd.it/ukwnmqot0kd11.jpg
56,controversial,add /r/microgrowery to the sidebar,2.0,2237t9,https://www.reddit.com/r/gardening/comments/2237t9/add_rmicrogrowery_to_the_sidebar/,https://www.reddit.com/r/gardening/comments/2237t9/add_rmicrogrowery_to_the_sidebar/
57,controversial,My clippers have seen some shit....,3.0,1k8ljr,http://imgur.com/pY5xrJg,http://imgur.com/pY5xrJg
58,controversial,"My mother gave me this plant saying it was mint, which clearly it is not! Anyone able to tell me what it actually is. I have pets and I need to know if it is safe to keep it in the house.",0.0,tjteh,http://i.imgur.com/UeTOD.jpg,http://i.imgur.com/UeTOD.jpg
59,controversial,This little Avocado needs lots of upvotes to grow big and strong!,17.0,fsl1hb,https://i.redd.it/zuncgimkm2q41.jpg,https://i.redd.it/zuncgimkm2q41.jpg
60,controversial,TIL you can wash greens in your washing machine,5.0,zlmn8,http://www.apartmenttherapy.com/unexpected-uses-for-your-washi-153225,http://www.apartmenttherapy.com/unexpected-uses-for-your-washi-153225
61,controversial,Pepper seedlings (few weeks old) have weird bubbles (fungus?) on stems. Diagnosis? Doesn't look good...,1.0,2y9zdv,https://www.reddit.com/r/gardening/comments/2y9zdv/pepper_seedlings_few_weeks_old_have_weird_bubbles/,https://www.reddit.com/r/gardening/comments/2y9zdv/pepper_seedlings_few_weeks_old_have_weird_bubbles/
62,controversial,Lady Bugs on Broccoli,0.0,2x2edk,http://imgur.com/uDKsPhN,http://imgur.com/uDKsPhN
63,controversial,March Against Monsanto Las Vegas Nv 2014,0.0,26eudv,https://www.youtube.com/watch?v=3hgBZjUvHq0&feature=youtu.be,https://www.youtube.com/watch?v=3hgBZjUvHq0&feature=youtu.be
64,controversial,my grandson got me sum beautiful tulips. wat shud I do with them?? r they ok to plant?,1.0,23js05,https://www.reddit.com/r/gardening/comments/23js05/my_grandson_got_me_sum_beautiful_tulips_wat_shud/,https://www.reddit.com/r/gardening/comments/23js05/my_grandson_got_me_sum_beautiful_tulips_wat_shud/
65,controversial,The Snow is Too Damn High!,0.0,1z0zwf,http://imgur.com/CZUBrDv,http://imgur.com/CZUBrDv
66,controversial,I was reader #5000!,1.0,g6uc7,http://imgur.com/iFyLX,http://imgur.com/iFyLX
67,controversial,A little project for those with lemons [x-post r/funny],0.0,7rc91t,https://imgur.com/Ohlhxmy,https://imgur.com/Ohlhxmy
68,controversial,Blue Balls,1.0,7fqyk2,https://imgur.com/oS6lyuL,0.0
69,controversial,I just dumped a whole heap of fertilizer on the 3-400 plants in my backyard,0.0,7bxgae,https://i.redd.it/ipo6u4syg1xz.jpg,https://i.redd.it/ipo6u4syg1xz.jpg
70,controversial,"When did organic become ""anti-science"" in this sub?",8.0,4cs47j,https://www.reddit.com/r/gardening/comments/4cs47j/when_did_organic_become_antiscience_in_this_sub/,https://www.reddit.com/r/gardening/comments/4cs47j/when_did_organic_become_antiscience_in_this_sub/
71,controversial,"Yes, This is indeed factual.",1.0,b9o9vh,https://i.redd.it/9qtk07gxgeq21.png,https://i.redd.it/9qtk07gxgeq21.png
72,controversial,Because wagon ( X-post /r/Subaru),0.0,1x1t61,http://imgur.com/feQ4T6s,0.0
73,controversial,Early Spring?  Ha!,0.0,1b4f6x,http://i.imgur.com/WASL6ca.jpg,0.0
74,controversial,Le sigh. Aphids on my cilantro. Details and question inside.,0.0,1b0ifj,http://imgur.com/od6vWin,http://imgur.com/od6vWin
75,controversial,Whoa...cool tomato scarification.,0.0,zk91q,http://imgur.com/NQvsY,0.0
76,controversial, Sweetest pic on r/gardening. (May contain kittens),3.0,uz7fa,http://i.imgur.com/s7dBU.jpg,http://i.imgur.com/s7dBU.jpg
77,controversial,Mummified baby bird found in my beans this morning.,3.0,u8z4a,http://imgur.com/eJWdg,http://imgur.com/eJWdg
78,controversial,Governor Gretchen Whitmer of Michigan Bans Sales Of Seeds,13.0,fzsawl,https://i.redd.it/uva5x0no8cs41.png,https://i.redd.it/uva5x0no8cs41.png
79,controversial,What are some good plants to grow on the balcony and provide privacy from neighbours?,6.0,akzejn,https://i.redd.it/3s94wplhscd21.jpg,https://i.redd.it/3s94wplhscd21.jpg
80,controversial,"My girlfriend needs encouragement on her photography skills. Also, really thank you for checking our her pic. ...ugh, as I stated before, say something mean about me, and please say something nice about my girlfriends work, I think she has talent.",0.0,27j06r,http://i.imgur.com/QZ7OnLA.jpg?1,http://i.imgur.com/QZ7OnLA.jpg?1
81,controversial,...Do we have to see everyone's avocado seed plant?,0.0,1vk0xb,https://www.reddit.com/r/gardening/comments/1vk0xb/do_we_have_to_see_everyones_avocado_seed_plant/,https://www.reddit.com/r/gardening/comments/1vk0xb/do_we_have_to_see_everyones_avocado_seed_plant/
82,controversial,MEGA TRAY,0.0,2x1c0u,http://i.imgur.com/fxLdOEL.jpg,http://i.imgur.com/fxLdOEL.jpg
83,controversial,Garden rage- my first garden plot,0.0,subv8,http://imgur.com/PulrP,http://imgur.com/PulrP
84,controversial,This sub lately,1.0,bfhitd,https://i.imgur.com/8hodsER.jpg,https://i.imgur.com/8hodsER.jpg
85,controversial,Look what arrived in the mail today! The first issue of a 24 month subscription.,0.0,89ze02,https://i.redd.it/tddsryp863q01.jpg,https://i.redd.it/tddsryp863q01.jpg
86,controversial,Potato patch proving fertile this year NSFW,18.0,1nhwjn,http://i.imgur.com/eT3PjVE.jpg,http://i.imgur.com/eT3PjVE.jpg
87,controversial,The Goldfish Garden,1.0,4ocvup,http://imgur.com/a/vCepe,http://imgur.com/a/vCepe
88,controversial,Gardening Rant Wal-Mart,0.0,33jzgd,https://www.reddit.com/r/gardening/comments/33jzgd/gardening_rant_walmart/,https://www.reddit.com/r/gardening/comments/33jzgd/gardening_rant_walmart/
89,controversial,What is this vine and should I leave it be?,1.0,2ya8mi,https://www.reddit.com/r/gardening/comments/2ya8mi/what_is_this_vine_and_should_i_leave_it_be/,https://www.reddit.com/r/gardening/comments/2ya8mi/what_is_this_vine_and_should_i_leave_it_be/
90,controversial,Sticky bubbles on my hyacinth bulbs...,0.0,2x27o4,https://www.reddit.com/r/gardening/comments/2x27o4/sticky_bubbles_on_my_hyacinth_bulbs/,0.0
91,controversial,how to transplant bulbs,0.0,2x254b,https://www.reddit.com/r/gardening/comments/2x254b/how_to_transplant_bulbs/,https://www.reddit.com/r/gardening/comments/2x254b/how_to_transplant_bulbs/
92,controversial,"Can anyone tell me if I can save my snake plant, and what might be wrong with it?",1.0,2x19zb,http://imgur.com/a/CI3dZ,http://imgur.com/a/CI3dZ
93,controversial,The Worst Garden Trends,0.0,1vzchc,http://thegardendiaries.wordpress.com/2014/01/23/the-worst-garden-trends/,http://thegardendiaries.wordpress.com/2014/01/23/the-worst-garden-trends/
94,controversial,I meticulously designed an automated irrigation system for my house....,1.0,1bn9wc,http://qkme.me/3top3n,0.0
95,controversial,"HI, my names is Devin, and I've created a subreddit r/gayswhogarden for those in the lgbt community that enjoy gardening or just enjoy nature in general.",1.0,dkngum,https://www.reddit.com/r/gayswhogarden/,https://www.reddit.com/r/gayswhogarden/
96,controversial,In our terrace garden .,2.0,bgotej,https://i.redd.it/3eny1xq0c4u21.jpg,https://i.redd.it/3eny1xq0c4u21.jpg
97,controversial,"Seed Sharing Deemed Illegal in the United States ( some states have had seed libraries shut down, please check out and consider signing the petition should you like saving and sharing seeds).",2.0,643ao2,https://www.youtube.com/attribution_link?a=h_Y0vwwTS6g&u=%2Fwatch%3Fv%3DtxRUeuuKex4%26feature%3Dshare,https://www.youtube.com/attribution_link?a=h_Y0vwwTS6g&u=%2Fwatch%3Fv%3DtxRUeuuKex4%26feature%3Dshare
98,controversial,Petition to make a separate sub for sexual appearing plants,0.0,ht0owv,https://www.reddit.com/r/gardening/comments/ht0owv/petition_to_make_a_separate_sub_for_sexual/,https://www.reddit.com/r/gardening/comments/ht0owv/petition_to_make_a_separate_sub_for_sexual/
99,controversial,Cross-Pollination Explained,0.0,9z7pzr,https://i.redd.it/rujk4yjc0rz11.jpg,https://i.redd.it/rujk4yjc0rz11.jpg
100,gilded,"My monster cucumber from my first garden. And it's the first time I've ever known it was my cake day in 10 years, so gonna go for the karma.",7846.0,i3816o,https://imgur.com/ThGXKao,https://imgur.com/ThGXKao
101,gilded,"We lost both of our dogs this year, so I decided to plant a memorial garden in their honor.",35.0,i3abmc,https://www.reddit.com/gallery/i3abmc,https://www.reddit.com/gallery/i3abmc
102,gilded,Our peaches and cream rose opened up this morning,5957.0,i2a5oi,https://i.redd.it/qes5b5l9kke51.jpg,https://i.redd.it/qes5b5l9kke51.jpg
103,gilded,Me waiting for my tomatoes to ripen already,6566.0,i1888h,https://i.redd.it/ohdl6qg2b7e51.png,https://i.redd.it/ohdl6qg2b7e51.png
104,gilded,Niece with her newfound hobby,5192.0,i14cz5,https://i.redd.it/xdedtjrfs5e51.jpg,https://i.redd.it/xdedtjrfs5e51.jpg
105,gilded,First ever harvest! How'd I do?,2696.0,hz4967,https://i.redd.it/bn368c31rhd51.jpg,https://i.redd.it/bn368c31rhd51.jpg
106,gilded,My mom‚Äôs Queen of the Night blooming last night for the first time in years! Blooms up to once a year at night and wilts by morning.,9530.0,hy8hlj,https://v.redd.it/w833tvrzv7d51,https://v.redd.it/w833tvrzv7d51
107,gilded,I saw this on the internet 5 years ago. I finally made my own!,247.0,hxs50u,https://i.redd.it/virutjnpw1d51.jpg,https://i.redd.it/virutjnpw1d51.jpg
108,gilded,This is the greatest day of my life.,8691.0,hwpd7r,https://i.redd.it/ipgkvd1sloc51.jpg,https://i.redd.it/ipgkvd1sloc51.jpg
109,gilded,Help! This thing is leaking/spraying.,1.0,cldoht,https://www.reddit.com/r/gardening/comments/cldoht/help_this_thing_is_leakingspraying/,https://www.reddit.com/r/gardening/comments/cldoht/help_this_thing_is_leakingspraying/
110,gilded,My mom finally kicked my abusive stepdad out so I've had the chance to make some improvements,10461.0,hv52dv,https://i.redd.it/sw0vlez9u6c51.jpg,https://i.redd.it/sw0vlez9u6c51.jpg
111,gilded,My garden is my happy place.,13504.0,hua6ri,https://i.redd.it/fifwz6z2bwb51.jpg,https://i.redd.it/fifwz6z2bwb51.jpg
112,gilded,"First garden, late to the party but i‚Äôm doing the best I can with what I got",744.0,htsqff,https://i.redd.it/u4svt2a22qb51.jpg,https://i.redd.it/u4svt2a22qb51.jpg
113,gilded,My first cucumber's senior photosüéì off to become a pickle,8541.0,hrgmku,https://i.redd.it/j65akcfe2ya51.jpg,https://i.redd.it/j65akcfe2ya51.jpg
114,gilded,Here is my wife‚Äôs garden. 3200 annuals all grown from seed.,3479.0,hre8ky,https://v.redd.it/8dz4wbzb9xa51,https://v.redd.it/8dz4wbzb9xa51
115,gilded,"A little bit late to the party, but here's my lockdown garden progress so far!",10228.0,hqe372,https://i.imgur.com/MXYhLbp.jpg,https://i.imgur.com/MXYhLbp.jpg
116,gilded,Long time lurker. I wanted to share my garden. It makes me so happy!,9663.0,hpunya,https://i.redd.it/9wu1h497lfa51.jpg,https://i.redd.it/9wu1h497lfa51.jpg
117,gilded,Thoughts on what might be happening with my zucchini? Two fruits are growing *through* the flower,1.0,hhnzrz,https://i.redd.it/p1yus55baq751.jpg,0.0
118,gilded,Harvested our broccoli in our first garden!,2977.0,hpea4r,https://i.redd.it/t72858wlm9a51.jpg,https://i.redd.it/t72858wlm9a51.jpg
119,gilded,"husband & father of my 1.5 year old son passed away 3 weeks ago in his sleep suddenly and unexpectedly. This tragedy can not be put into words but today I came out to discover my very first seed to harvest vegetable, peas, his favorite. Please appreciate the emotional success on this one.",9996.0,hny1y3,https://i.redd.it/bwg0dq3ayr951.jpg,https://i.redd.it/bwg0dq3ayr951.jpg
120,gilded,One crock of sauerkraut coming right up.,4003.0,hnrg8e,https://i.redd.it/kpqfucy5qp951.jpg,https://i.redd.it/kpqfucy5qp951.jpg
121,gilded,"Plant pumpkins they said, it'll be fun they said, you've got enough room they said",521.0,hno5iz,https://i.redd.it/3hmhi8ecuo951.jpg,https://i.redd.it/3hmhi8ecuo951.jpg
122,gilded,"Just one very small part of my mum and dads garden. They put their heart and soul into making it a relaxing, beautiful place.",8049.0,hmgriz,https://i.redd.it/daeygs230b951.jpg,https://i.redd.it/daeygs230b951.jpg
123,gilded,Lost my whole garden last week to hail. Walk into this at work this morning. I love my job and co workers!!!!,6908.0,hm84bu,https://i.redd.it/ru3lw3ydt8951.jpg,https://i.redd.it/ru3lw3ydt8951.jpg
124,gilded,"My cabbage, and one of the girls in the background.",6198.0,hiahsu,https://i.redd.it/ulzdjbyrex751.jpg,https://i.redd.it/ulzdjbyrex751.jpg
125,gilded,My pollinator garden from earlier‚ù£Ô∏è 100 feet long and 15 feet wide in places. First summer. üå∏üå∫ Wildflower seeds went down in March. It is FILLED WITH LIFE!,448.0,hgjq5e,https://v.redd.it/0pcfdz0dmc751,https://v.redd.it/0pcfdz0dmc751
126,gilded,"It might not be much, but it‚Äôs mine!",1814.0,hftswv,https://i.redd.it/mo5jgo2zb4751.jpg,https://i.redd.it/mo5jgo2zb4751.jpg
127,gilded,"My first year gardening -- here is my covid project, complete with chickens.",11005.0,heefxp,https://i.redd.it/opcnol3bun651.jpg,https://i.redd.it/opcnol3bun651.jpg
128,gilded,"Zero gardening skills. I had some old potatoes that were sprouting so I buried them and one week later, this has happened. When do I harvest? What's the next step here?",6.0,heowh6,https://i.redd.it/xl95wjzhnq651.jpg,https://i.redd.it/xl95wjzhnq651.jpg
129,gilded,Pollen wars üêùüêù,10.0,hdnv2z,https://v.redd.it/u7a44w862f651,https://v.redd.it/u7a44w862f651
130,gilded,"I‚Äôve been very depressed lately, can‚Äôt seem to find anything to hope for. Today, on a whim, I went out and bought flowering plants I know nothing about and transplanted them in pots I had just laying around. I transplanted some I had already too, and I think I had the best day in a long time.",6223.0,hcwldu,https://i.redd.it/5kba83d0l5651.jpg,https://i.redd.it/5kba83d0l5651.jpg
131,gilded,Hey! We just moved into a house and would love identifying this Bush/shurub? In the back yard. It has small bulbs growing from it,5.0,hcxhe4,https://i.redd.it/43mj6n3vu5651.jpg,https://i.redd.it/43mj6n3vu5651.jpg
132,gilded,My DIY garden project almost complete,8332.0,hbyj43,https://i.redd.it/i39c9hlwju551.jpg,https://i.redd.it/i39c9hlwju551.jpg
133,gilded,Heaven is a place on earth üåàüåøüåº,236.0,haubuf,https://v.redd.it/8ilmhrkmwh551,https://v.redd.it/8ilmhrkmwh551
134,gilded,My grandpa is super proud of his garden and this summer‚Äôs wild field of zinnias,3642.0,ha9oz4,https://i.redd.it/afuzfptifb551.jpg,https://i.redd.it/afuzfptifb551.jpg
135,gilded,Backyard to frontyard = serenity,10009.0,h8s7a5,https://v.redd.it/9cw0f5zs1v451,https://v.redd.it/9cw0f5zs1v451
136,gilded,"Follow up on: Last year i posted a photo of ""My first attempt of making a pond"", this is how it looks now.",6689.0,h0vozv,https://i.redd.it/en3nhz1qy8451.jpg,https://i.redd.it/en3nhz1qy8451.jpg
137,gilded,"My husband passed away in December. I‚Äôve learned gardening is a great way to deal with grief. I installed this 2,500 gallon pond this spring and have been working on the landscaping. I‚Äôm pretty proud of it ü§ó",14978.0,gyzfnc,https://i.redd.it/ljrv7rdqvo351.jpg,https://i.redd.it/ljrv7rdqvo351.jpg
138,gilded,"The first planter my 76 year old grandfather made for me, for my first garden, in my first house.",8713.0,gxz4pz,https://i.redd.it/ikn1su88vc351.jpg,https://i.redd.it/ikn1su88vc351.jpg
139,gilded,The reason I planted the milkweed !,251.0,gqgs46,https://i.redd.it/jg553yffjy051.jpg,https://i.redd.it/jg553yffjy051.jpg
140,gilded,Potting bench with running water made from parents old redwood deck,822.0,gyga44,https://i.redd.it/z9afqkdgui351.jpg,https://i.redd.it/z9afqkdgui351.jpg
141,gilded,My daughter finally had success with her Zinnias! After 3 attempts from seeds she (we) managed to keep them alive! She wants to be a botanist,9868.0,gx3rlp,https://i.redd.it/qohb1oap63351.jpg,https://i.redd.it/qohb1oap63351.jpg
142,gilded,Pro tip: tomato hornworms glow under a blacklight!,47.0,gxjngv,https://i.redd.it/89907v6qn7351.jpg,https://i.redd.it/89907v6qn7351.jpg
143,gilded,My first time growing potato‚Äôs didn‚Äôt go to plan but I can‚Äôt tell you how proud I am of this little guy. I grew SOMETHING!!!!,204.0,gwxzy6,https://i.redd.it/38be5blxu0351.jpg,https://i.redd.it/38be5blxu0351.jpg
144,gilded,I have the best dad ever!,6932.0,gwgxs3,https://i.imgur.com/WN1KcfZ.jpg,https://i.imgur.com/WN1KcfZ.jpg
145,gilded,A Happy Cucumber Dad üòÅ,1141.0,gwhvb0,https://i.redd.it/w6y68cjifw251.jpg,https://i.redd.it/w6y68cjifw251.jpg
146,gilded,They have all popped!,3944.0,gv8lrw,https://i.redd.it/cmft2b3wei251.jpg,https://i.redd.it/cmft2b3wei251.jpg
147,gilded,My lovely parents and boyfriend helped build some super cool gardening beds for the house!,548.0,gu3czj,https://i.redd.it/vejqfoww05251.jpg,https://i.redd.it/vejqfoww05251.jpg
148,gilded,An early birthday gift- my first ever greenhouse! I‚Äôm in shock.,11913.0,gtz1kh,https://i.redd.it/lzlyweh9r3251.jpg,https://i.redd.it/lzlyweh9r3251.jpg
149,gilded,My peonies flowered üòÉ,328.0,gtdwib,https://i.redd.it/oey3iis8hw151.jpg,https://i.redd.it/oey3iis8hw151.jpg
150,gilded,Update: I‚Äôm in love. Can I keep them year round?!,12102.0,gsukk2,https://i.redd.it/j7hxqv16yp151.jpg,https://i.redd.it/j7hxqv16yp151.jpg
151,gilded,"Started a ""free"" garden. Used the broken grill for the bed, an old laundry soap bottle for a watering can, the soil is from a friend's old compost pile, and all the plants are from food scraps. I'm out of work for the moment and was inspired by this sub.",2159.0,gs6gaf,https://i.redd.it/ruife52iei151.jpg,https://i.redd.it/ruife52iei151.jpg
152,gilded,"It‚Äôs not much, but it‚Äôs a start.",17.0,gphk25,https://i.redd.it/2tvsgdeegm051.jpg,0.0
153,gilded,"Pepa just got a smart phone, he tried to send me a pic of his first tomato this year but hasn‚Äôt quite figured out the camera üòÇ",15820.0,gqfzp3,https://i.redd.it/2nxpc198cy051.jpg,https://i.redd.it/2nxpc198cy051.jpg
154,gilded,Planters built over the long weekend,360.0,gqnqos,https://i.redd.it/0dw2a5ofj0151.jpg,https://i.redd.it/0dw2a5ofj0151.jpg
155,gilded,Coming along nicely,1812.0,gqaske,https://i.redd.it/5cohglypvw051.jpg,https://i.redd.it/5cohglypvw051.jpg
156,gilded,No idea what it is but it blossoms like this for 3/4 weeks every year without fail,10.0,gqaa1y,https://i.redd.it/6ir4ji01pw051.jpg,https://i.redd.it/6ir4ji01pw051.jpg
157,gilded,vertical wall garden in London,674.0,gpri7f,https://i.redd.it/lg9q5uaqdq051.jpg,https://i.redd.it/lg9q5uaqdq051.jpg
158,gilded,I know it‚Äôs not really much but I spent all spring and all my extra money for a couple paychecks on making this little cabin a home. The garden beds I dug and filled myself,9756.0,gpxr79,https://i.redd.it/llwqo37y5s051.jpg,https://i.redd.it/llwqo37y5s051.jpg
159,gilded,He‚Äôs very proud of his carrots,1581.0,gojr51,https://i.redd.it/gmcl64jknb051.jpg,https://i.redd.it/gmcl64jknb051.jpg
160,gilded,Side by side comparison: embroidered one of my lupine flowers!,10654.0,gnzlml,https://i.redd.it/x2hvcot265051.jpg,https://i.redd.it/x2hvcot265051.jpg
161,gilded,"So I put in a pond into my food forest - update, 42 cu yards of woodchips and 500 plants later",2390.0,gmmsz7,https://i.redd.it/34zeq69sjpz41.jpg,https://i.redd.it/34zeq69sjpz41.jpg
162,gilded,The carrots spoke to me.,8889.0,gmbgk7,https://i.redd.it/ss16we24klz41.jpg,https://i.redd.it/ss16we24klz41.jpg
163,gilded,My son picking carrots for supper.,4344.0,gm9trz,https://i.redd.it/zumuuedg5lz41.jpg,https://i.redd.it/zumuuedg5lz41.jpg
164,gilded,Friday my landscaper cut all of my garden down. Today this beauty bloomed. Morning glory,13.0,gm74vo,https://i.redd.it/bdmympi6hkz41.jpg,https://i.redd.it/bdmympi6hkz41.jpg
165,gilded,"My lettuce is disapearing, I need help please!",4.0,gm6r5t,https://www.reddit.com/r/gardening/comments/gm6r5t/my_lettuce_is_disapearing_i_need_help_please/,https://www.reddit.com/r/gardening/comments/gm6r5t/my_lettuce_is_disapearing_i_need_help_please/
166,gilded,"The last of my daffodil varieties bloomed today, which means it's time for a family photo",6608.0,glp5t4,https://i.redd.it/17u1yuvdlez41.jpg,https://i.redd.it/17u1yuvdlez41.jpg
167,gilded,Another plant was feeling frisky today,9.0,gj4sii,https://i.redd.it/euqf9qdstky41.jpg,https://i.redd.it/euqf9qdstky41.jpg
168,gilded,"Amazing how just 2 months ago this area was weeds and we never utilized it. Now it‚Äôs become our happy place. Everyone should garden no matter how small the place, it‚Äôs good for the soul.",6262.0,gl2iew,https://i.redd.it/cw0k37ml07z41.jpg,https://i.redd.it/cw0k37ml07z41.jpg
169,gilded,My lockdown garden project for the grandchildren nearly complete...,10236.0,gkt7zu,https://i.redd.it/6n7jbp3c54z41.jpg,https://i.redd.it/6n7jbp3c54z41.jpg
170,gilded,Do you have a five?,10.0,gjc8mq,https://i.redd.it/r2kk5f1zrmy41.jpg,0.0
171,gilded,"Pano of my backyard the day I moved in & Present day, 3 years later",9.0,gk32kj,https://i.redd.it/hknhmsnk5vy41.jpg,https://i.redd.it/hknhmsnk5vy41.jpg
172,gilded,Elafant Ears just Sprouted.,13.0,gjdcjf,https://i.redd.it/s96nbxtb4ny41.jpg,https://i.redd.it/s96nbxtb4ny41.jpg
173,hot,Friendly Friday Thread,12.0,i5dhed,https://www.reddit.com/r/gardening/comments/i5dhed/friendly_friday_thread/,https://www.reddit.com/r/gardening/comments/i5dhed/friendly_friday_thread/
174,hot,Tomatoes...,3199.0,i6h8zf,https://i.redd.it/szxlphrqfyf51.jpg,https://i.redd.it/szxlphrqfyf51.jpg
175,hot,Gathered this weekend's garden picks for a nice photo,843.0,i6jp2p,https://i.redd.it/pt55oriofzf51.jpg,https://i.redd.it/pt55oriofzf51.jpg
176,hot,Today I harvested my purple runner beans!,297.0,i6kex4,https://i.redd.it/l9b0abuxnzf51.jpg,https://i.redd.it/l9b0abuxnzf51.jpg
177,hot,A comic I made about gardening,222.0,i6loyy,https://i.redd.it/5rxr9nqy10g51.jpg,https://i.redd.it/5rxr9nqy10g51.jpg
178,hot,My cousin's aesthetically pleasing tomatoes,874.0,i6fz3d,https://i.redd.it/el1dikc2txf51.jpg,https://i.redd.it/el1dikc2txf51.jpg
179,hot,Moving to a new house and I had to bring a few of my plants with me.,358.0,i6ih27,https://i.redd.it/feablm5kzyf51.jpg,https://i.redd.it/feablm5kzyf51.jpg
180,hot,Inside a hydrangea,211.0,i6kr5r,https://i.imgur.com/Oi6HKLw.jpg,https://i.imgur.com/Oi6HKLw.jpg
181,hot,The range of colors of these Hydrangea flowers,6109.0,i6823q,https://gfycat.com/dearestshockedbird,https://gfycat.com/dearestshockedbird
182,hot,"My cousin asked me to do the flowers for her wedding, and I was so honored that I babied these plants all summer. They just cancelled due to covid, but I'm making the bouquets anyways and giving them away to family/friends. All from my garden, and many of them I grew from seed!",1888.0,i6bnhp,https://www.reddit.com/gallery/i6bnhp,https://www.reddit.com/gallery/i6bnhp
183,hot,i found this hydrangea today and literally GASPED at how pretty it was!,1090.0,i6ccir,https://i.redd.it/qw6b6gyv8wf51.jpg,https://i.redd.it/qw6b6gyv8wf51.jpg
184,hot,My first planter that I made three months apart.,1780.0,i6aagb,https://i.redd.it/vp80d6jjivf51.jpg,https://i.redd.it/vp80d6jjivf51.jpg
185,hot,My dad is very proud of his 3lb 1oz onion (~1.4kg). It‚Äôs not even the biggest he‚Äôs never grown!,191.0,i6hx31,https://i.redd.it/6dckfak4ryf51.jpg,https://i.redd.it/6dckfak4ryf51.jpg
186,hot,My thistle brings all the bugs to the yard,84.0,i6kl7c,https://i.imgur.com/Qg04dxE.jpg,https://i.imgur.com/Qg04dxE.jpg
187,hot,Take that depression! :),55.0,i6mcud,https://i.redd.it/cjxb8qdx80g51.jpg,https://i.redd.it/cjxb8qdx80g51.jpg
188,hot,Here it comes,74.0,i6jmon,https://i.redd.it/j32fg6ixezf51.jpg,https://i.redd.it/j32fg6ixezf51.jpg
189,hot,Pest prevention,77.0,i6jc0x,https://i.redd.it/lqfqrmp5bzf51.jpg,https://i.redd.it/lqfqrmp5bzf51.jpg
190,hot,Smoked sweet 100 cherry tomato ketchup with roasted garlic,1102.0,i68lx9,https://i.redd.it/8rze7y55zuf51.jpg,https://i.redd.it/8rze7y55zuf51.jpg
191,hot,21 jars and counting,87.0,i6igr2,https://i.redd.it/39zw8j3gzyf51.jpg,https://i.redd.it/39zw8j3gzyf51.jpg
192,hot,Making bouquets from my flower & herb garden has become my favorite past time,6595.0,i6062l,https://i.redd.it/dyn45rlnisf51.jpg,https://i.redd.it/dyn45rlnisf51.jpg
193,hot,How our zucchini usually end up looking if we forget to constantly check on them. The biggest one alone made 5-6 cups of shredded zucchini for zucchini relish.,53.0,i6k3s5,https://i.redd.it/jncs9e0ekzf51.jpg,https://i.redd.it/jncs9e0ekzf51.jpg
194,hot,My first purple broccoli ü•¶üíú,963.0,i68e8j,https://i.redd.it/1of9czaowuf51.jpg,https://i.redd.it/1of9czaowuf51.jpg
195,hot,I have never in my life seen blueberries like this. Found an abandoned blueberry patch.,732.0,i69ljc,https://www.reddit.com/gallery/i69ljc,https://www.reddit.com/gallery/i69ljc
196,hot,Prettiest field of zinnias I‚Äôve ever seen,264.0,i6dduu,https://i.redd.it/ijl3j55ymwf51.jpg,https://i.redd.it/ijl3j55ymwf51.jpg
197,hot,First time growing carrots that they didn't turn out to be stubs! Backyard gardening in NWPA,40.0,i6kf5e,https://i.redd.it/tocnlb71ozf51.jpg,https://i.redd.it/tocnlb71ozf51.jpg
198,hot,my cat has a new favorite spot...cucumber teepee!,26.0,i6mebq,https://i.redd.it/vbzwahwb90g51.jpg,https://i.redd.it/vbzwahwb90g51.jpg
199,hot,My Echeveria gave me a flower! üíö,24.0,i6mc6p,https://i.redd.it/ha3do8yp80g51.jpg,https://i.redd.it/ha3do8yp80g51.jpg
200,hot,My Humble Garden,297.0,i6bsml,https://i.redd.it/ilrec94j1wf51.jpg,https://i.redd.it/ilrec94j1wf51.jpg
201,hot,My very first courgette (zucchini for those in the US)! They weren't having any of it in the beginning and I thought nothing was gonna come out of it. Super chuffed!,61.0,i6hl4w,https://i.redd.it/ivg7ukullyf51.jpg,https://i.redd.it/ivg7ukullyf51.jpg
202,hot,Good morning from the high desert.,26.0,i6l2lt,https://i.imgur.com/BdIGych.jpg,https://i.imgur.com/BdIGych.jpg
203,hot,Crown of Thorns beauty,35.0,i6jcaz,https://i.redd.it/15fdt7j7bzf51.jpg,https://i.redd.it/15fdt7j7bzf51.jpg
204,hot,"Some days, I‚Äôm excited to see my tomatoes. Other days, they‚Äôre excited to see me!",2904.0,i5zqtu,https://i.redd.it/mqmsl0gldsf51.jpg,https://i.redd.it/mqmsl0gldsf51.jpg
205,hot,Internet trick failed.. I got potatoes instead of roses!,50.0,i6htj3,https://i.redd.it/qzwqkhhhpyf51.jpg,https://i.redd.it/qzwqkhhhpyf51.jpg
206,hot,Home grown Cherokee Purple bloody Mary,28.0,i6k0me,https://i.redd.it/4qswdedbjzf51.jpg,https://i.redd.it/4qswdedbjzf51.jpg
207,hot,"Walking away with 46 quarts of beans this year.. gonna dry the rest I have for shuck beans, and seed",29.0,i6k9b5,https://i.redd.it/sxda7f96mzf51.jpg,https://i.redd.it/sxda7f96mzf51.jpg
208,hot,Peppers picked from my patch,16.0,i6mv1i,https://i.redd.it/sgxro5f4e0g51.jpg,https://i.redd.it/sgxro5f4e0g51.jpg
209,hot,Before and after. Previous owner hadn‚Äôt gardened in 3 years,21.0,i6laeq,https://www.reddit.com/gallery/i6laeq,https://www.reddit.com/gallery/i6laeq
210,hot,Quarantine garden transformation. Empty land to blooming garden. Every day after day long zooms from 5pm to 10pm this was my workout;),220.0,i6bimz,https://www.reddit.com/gallery/i6bimz,https://www.reddit.com/gallery/i6bimz
211,hot,My surprise lilies came in strong,14.0,i6mrou,https://www.reddit.com/gallery/i6mrou,https://www.reddit.com/gallery/i6mrou
212,hot,Have you ever seen a prettier dahlia?,623.0,i660jx,https://i.redd.it/53twhjic7uf51.jpg,https://i.redd.it/53twhjic7uf51.jpg
213,hot,"Since you like my dad‚Äôs onion, here is a mutant 2.5lb Brandywine tomato he just harvested as well!",15.0,i6l31u,https://i.redd.it/8ts990wdvzf51.jpg,0.0
214,hot,Found these guys hiding in my tomatoes . blessed.,15.0,i6le4x,https://www.reddit.com/gallery/i6le4x,https://www.reddit.com/gallery/i6le4x
215,hot,"The local fair may be cancelled this year, but I am quite enjoying my posts from previous submissions. 2019 vs 2018",21.0,i6jca8,https://www.reddit.com/gallery/i6jca8,0.0
216,hot,I think I need a bigger sink,12.0,i6mdri,https://i.redd.it/typud69790g51.jpg,https://i.redd.it/typud69790g51.jpg
217,hot,"It isn‚Äôt much, but I‚Äôm proud of it!",234.0,i69qyp,https://i.redd.it/5xgdfnu6cvf51.jpg,https://i.redd.it/5xgdfnu6cvf51.jpg
218,hot,I‚Äôve had this orchid for a year and it finally bloomed!,10.0,i6msw8,https://i.redd.it/28fgy2bkd0g51.jpg,0.0
219,hot,A bit overgrown but it makes me happy (NM7b),16.0,i6kkde,https://i.redd.it/l1n0o1rhpzf51.jpg,0.0
220,hot,First time gardener. In love with all the color in my patio garden ü•∞,9.0,i6ncwo,https://i.redd.it/d9awc114j0g51.jpg,0.0
221,hot,"The girls are getting there. Sadly though, it's only two out of 5 that germinated in early May. Damn grubs! üòÇ",28.0,i6hx2h,https://www.reddit.com/gallery/i6hx2h,https://www.reddit.com/gallery/i6hx2h
222,hot,What a glorious dahlia!,1881.0,i5yr54,https://i.redd.it/ptihug8i1sf51.jpg,https://i.redd.it/ptihug8i1sf51.jpg
223,hot,My Nana‚Äôs garden. Little bit of magic in the English suburbs.,12.0,i6lnkf,https://v.redd.it/87l4slt5ezf51,0.0
224,hot,My mom's first cherry tomatoes harvest this year,17.0,i6jira,https://i.redd.it/bbaw2g8hdzf51.jpg,0.0
225,hot,What happens when I'm not home for a couple days üòÇüòÇü§§,10.0,i6mj88,https://i.redd.it/5m7bm0ita0g51.jpg,0.0
226,hot,garden to table üå∂üå±üßÑüßÖüçÖ,19.0,i6j75q,https://www.reddit.com/gallery/i6j75q,https://www.reddit.com/gallery/i6j75q
227,hot,Wish my squash were doing as well ü§∑‚Äç‚ôÇÔ∏è,12.0,i6lfp0,https://i.redd.it/1yyau2y6zzf51.jpg,0.0
228,hot,My last sunflowers,10.0,i6mej8,https://i.redd.it/j5afqmwf90g51.jpg,0.0
229,hot,From ultraviolet to infrared every color under the sun.,9.0,i6musz,https://i.redd.it/kd4xodw1e0g51.jpg,0.0
230,hot,"this ain't much, but it's 2.5 months of growing it on a balcony with limited sunshine!",45.0,i6g04l,https://i.redd.it/bgo9hhontxf51.jpg,https://i.redd.it/bgo9hhontxf51.jpg
231,hot,Now I need a bigger counter top,8.0,i6nify,https://i.redd.it/iounuv0ok0g51.jpg,https://i.redd.it/iounuv0ok0g51.jpg
232,hot,"Finally had my first tomato sandwich, fresh from the garden today!",9.0,i6mm9q,https://i.redd.it/a8c1dw5lb0g51.jpg,https://i.redd.it/a8c1dw5lb0g51.jpg
233,hot,"How DARE you cut back my overgrown rose forest, human!",10.0,i6m0sl,https://i.redd.it/xx3esg9e50g51.jpg,0.0
234,hot,A small bounty of only a few plants. 5b.,19.0,i6iqv3,https://i.redd.it/qnnuz52i3zf51.jpg,https://i.redd.it/qnnuz52i3zf51.jpg
235,hot,I found old box springs by the trash used them for raised planters,11.0,i6ldco,https://www.reddit.com/gallery/i6ldco,https://www.reddit.com/gallery/i6ldco
236,hot,Big fat hibiscus in my balcony garden,42.0,i6fued,https://i.redd.it/v8zdgxjoqxf51.jpg,https://i.redd.it/v8zdgxjoqxf51.jpg
237,hot,Don't really know if this belongs here but I though this was really cool!,9.0,i6mthb,https://i.redd.it/k15cemvg8yf51.jpg,0.0
238,hot,4 types of peppers from my garden,7.0,i6n0nb,https://i.redd.it/2mzdddjnf0g51.jpg,0.0
239,hot,Gorgeous Dahlias!!!,85.0,i6cx27,https://www.reddit.com/gallery/i6cx27,https://www.reddit.com/gallery/i6cx27
240,hot,A table of love and hardwork‚ù£Ô∏è,12.0,i6kf0s,https://i.redd.it/xwwjhstynzf51.jpg,0.0
241,hot,Today's harvest: Big bunch of tomatoes and some tomatillos,14.0,i6j86j,https://i.redd.it/urrhznhm9zf51.jpg,0.0
242,hot,Gardening saved me. It has helped me cope and deal with grief from losing a loved one.,61.0,i6e3ev,https://www.reddit.com/r/gardening/comments/i6e3ev/gardening_saved_me_it_has_helped_me_cope_and_deal/,https://www.reddit.com/r/gardening/comments/i6e3ev/gardening_saved_me_it_has_helped_me_cope_and_deal/
243,hot,Anyone ever tried huitlacoche/corn smut?,12.0,i6ji1k,https://i.redd.it/hulm0uk7dzf51.jpg,https://i.redd.it/hulm0uk7dzf51.jpg
244,hot,"33 pints of pickles, peppers and pickles zucchini.",9.0,i6kqef,https://i.imgur.com/MVGzF9r.jpg,https://i.imgur.com/MVGzF9r.jpg
245,hot,Tomato plant! Grown from seed.,11.0,i6k7rv,https://i.redd.it/eo8ifcsolzf51.jpg,https://i.redd.it/eo8ifcsolzf51.jpg
246,hot,The color progression of my Rio Samba Rose!,12.0,i6j70p,https://i.redd.it/3vqykxac9zf51.jpg,0.0
247,hot,"It‚Äôs late, but here‚Äôs my first Sierra Gold cantaloupe! Grown from seed.",14.0,i6iu8i,https://i.redd.it/d34kzyvr4zf51.jpg,0.0
248,hot,Gourd trellis progress,172.0,i68vo6,https://www.reddit.com/gallery/i68vo6,https://www.reddit.com/gallery/i68vo6
249,hot,Topiary Kween,7.0,i6mc0a,https://i.redd.it/yenslsgo80g51.jpg,https://i.redd.it/yenslsgo80g51.jpg
250,hot,Very proud of today‚Äôs harvest zone 6,7.0,i6mblc,https://i.redd.it/71uve9ik80g51.jpg,0.0
251,hot,Busy plants!,11.0,i6jwpe,https://i.redd.it/wmk33zz4izf51.jpg,https://i.redd.it/wmk33zz4izf51.jpg
252,hot,"Oh my god would you just pick ONE to ripen? Please? üò≠ (New England, early doll tomato plant)",7.0,i6mb2u,https://i.redd.it/n4tpebtc80g51.jpg,https://i.redd.it/n4tpebtc80g51.jpg
253,hot,Small Kitchen Setup plus One Adorable Idiot,10.0,i6kc1p,https://i.redd.it/1kadp750nzf51.jpg,0.0
254,hot,Power struggle for garden dominance between this self-seeded sunflower and the monster of a hollyhock (back left of picture),15.0,i6ib30,https://i.redd.it/mlflav45xyf51.jpg,https://i.redd.it/mlflav45xyf51.jpg
255,hot,Hang on little girl! Your job's not done.,7.0,i6mvti,https://i.redd.it/t3ymekwbe0g51.jpg,https://i.redd.it/t3ymekwbe0g51.jpg
256,hot,"5 foot tall Bonny Best tomato plant beside an un bloomed sunflower towering out of frame, estimated at 9 feet.",12.0,i6iz30,https://i.redd.it/pz7iplqi6zf51.jpg,0.0
257,hot,My bumble buddy working hard today. üêù,7.0,i6ky79,https://i.redd.it/3wpvivdutzf51.jpg,0.0
258,hot,My jalape√±o plant is THRIVING,141.0,i69c4u,https://i.redd.it/rgdhgv5g7vf51.jpg,https://i.redd.it/rgdhgv5g7vf51.jpg
259,hot,My tomato plants have been getting so large that they were crushing some of my green onions. I decided to pick them and they smell so good!,14.0,i6hz23,https://i.redd.it/a8dw4id0syf51.jpg,https://i.redd.it/a8dw4id0syf51.jpg
260,hot,Butterflies in love üíï,8.0,i6jzbt,https://i.redd.it/1evsrv8yizf51.jpg,0.0
261,hot,Not a fancy pick but I'm proud of these winter hardy hibiscus,5.0,i6n5dm,https://i.redd.it/39e3znrzg0g51.jpg,https://i.redd.it/39e3znrzg0g51.jpg
262,hot,Nature is truly amazing! I threw these seeds in last year and they randomly grew out again this year giving us a show!,7.0,i6kgte,https://www.reddit.com/gallery/i6kgte,https://www.reddit.com/gallery/i6kgte
263,hot,My banana pepper has a banana pepper.,7.0,i6kfug,https://i.redd.it/7v5gpa89ozf51.jpg,0.0
264,hot,Not enough memes on this sub:,5.0,i6ltiq,https://i.redd.it/8952pok930g51.jpg,https://i.redd.it/8952pok930g51.jpg
265,hot,Yesterday‚Äôs harvest! We‚Äôre growing more than we need so we can give it away,11.0,i6j7e2,https://i.redd.it/ozm17ocg9zf51.jpg,https://i.redd.it/ozm17ocg9zf51.jpg
266,hot,Wanted to share the runner bean wall we've built this year : ),6.0,i6k8qj,https://www.reddit.com/gallery/i6k8qj,https://www.reddit.com/gallery/i6k8qj
267,hot,Caught this little guy taking a nap in the zucchini this morning üòÅ,7.0,i6lpxj,https://i.redd.it/4k8410b820g51.jpg,https://i.redd.it/4k8410b820g51.jpg
268,hot,Sunset over the brussel sprouts,65.0,i6c8us,https://i.redd.it/od6d8y5d7wf51.jpg,https://i.redd.it/od6d8y5d7wf51.jpg
269,hot,Bees chillN at the pool after a hard days work pollinating my garden.,32.0,i6f4sl,https://v.redd.it/c31qup59exf51,https://v.redd.it/c31qup59exf51
270,hot,big cucumber snuck up on me,5.0,i6mg4u,https://i.redd.it/d42c89lv90g51.jpg,0.0
271,hot,Our surprise lilies are coming in like crazy this year!,79.0,i6b5el,https://i.imgur.com/KMPl500.jpg,https://i.imgur.com/KMPl500.jpg
272,hot,My myrtle tree is blooming!,90.0,i6a9lt,https://www.reddit.com/gallery/i6a9lt,https://www.reddit.com/gallery/i6a9lt
273,new,"Neglected to harvest my okra. How fast could they grow, I thought. Tablespoon for scale.",1.0,i6nqt3,https://i.redd.it/p3uhxkd0n0g51.jpg,0.0
274,new,Is this a reasonable price?,1.0,i6npwm,https://www.reddit.com/r/gardening/comments/i6npwm/is_this_a_reasonable_price/,0.0
275,new,What are these and how do I get rid of them in my potted cherry tomato?,1.0,i6no1n,https://i.redd.it/8e1ro1q9m0g51.jpg,https://i.redd.it/8e1ro1q9m0g51.jpg
276,new,Proud of the sunflowers I definitely neglected.,2.0,i6nmre,https://www.reddit.com/gallery/i6nmre,0.0
277,new,Need help with sprinkler heads,1.0,i6nlpd,https://www.reddit.com/r/gardening/comments/i6nlpd/need_help_with_sprinkler_heads/,0.0
278,new,How will I know when my purple cayenne peppers are ready to pick?,1.0,i6nim2,https://i.redd.it/abbdb8nqe0g51.jpg,0.0
279,new,Now I need a bigger counter top,8.0,i6nify,https://i.redd.it/iounuv0ok0g51.jpg,https://i.redd.it/iounuv0ok0g51.jpg
280,new,Anyone have experience heat treating tiny seeds to germinate?,1.0,i6ngvf,https://www.reddit.com/r/gardening/comments/i6ngvf/anyone_have_experience_heat_treating_tiny_seeds/,0.0
281,new,Is this watermrlon ready? It has been this big for weeks. Tendrils are dry but no yellow ground spot. In fact there is no ground spot at all...it is completely green. Wondering how long to wait to harvest...,1.0,i6ngam,https://i.redd.it/q6h56yo1k0g51.jpg,https://i.redd.it/q6h56yo1k0g51.jpg
282,new,Too late to plant lettuce?,1.0,i6ne2g,https://www.reddit.com/r/gardening/comments/i6ne2g/too_late_to_plant_lettuce/,https://www.reddit.com/r/gardening/comments/i6ne2g/too_late_to_plant_lettuce/
283,new,First time gardener. In love with all the color in my patio garden ü•∞,9.0,i6ncwo,https://i.redd.it/d9awc114j0g51.jpg,0.0
284,new,what's killing my black mission fig?,1.0,i6ncm2,https://www.reddit.com/gallery/i6ncm2,https://www.reddit.com/gallery/i6ncm2
285,new,"Gords I started in my alleyway! Finally seeing some good progress, pretty busy alley hopefully nobody notices!",3.0,i6nakp,https://www.reddit.com/gallery/i6nakp,https://www.reddit.com/gallery/i6nakp
286,new,Creating a literal flower bed out of an old doll bed,1.0,i6nab3,https://www.reddit.com/r/gardening/comments/i6nab3/creating_a_literal_flower_bed_out_of_an_old_doll/,0.0
287,new,It happened again!!,1.0,i6na3r,https://www.reddit.com/r/gardening/comments/i6na3r/it_happened_again/,0.0
288,new,Would love some tips on how to make my garden more private. The fence between the neighbours is 3ft. without changing the concrete posts how do we add privacy?,3.0,i6n5mu,https://i.redd.it/q5hs7w50h0g51.jpg,https://i.redd.it/q5hs7w50h0g51.jpg
289,new,Not a fancy pick but I'm proud of these winter hardy hibiscus,5.0,i6n5dm,https://i.redd.it/39e3znrzg0g51.jpg,https://i.redd.it/39e3znrzg0g51.jpg
290,new,These popped up from my compost...ID please. Acorn?,2.0,i6n5ct,https://www.reddit.com/r/gardening/comments/i6n5ct/these_popped_up_from_my_compostid_please_acorn/,https://www.reddit.com/r/gardening/comments/i6n5ct/these_popped_up_from_my_compostid_please_acorn/
291,new,Weird mushrooms,1.0,i6n50l,https://www.reddit.com/gallery/i6n50l,0.0
292,new,4 types of peppers from my garden,7.0,i6n0nb,https://i.redd.it/2mzdddjnf0g51.jpg,0.0
293,new,Cleaning out this space. What veggies/fruits can I plant this late in the season? And close to the house,3.0,i6mz1b,https://i.redd.it/8yuobdh7f0g51.jpg,https://i.redd.it/8yuobdh7f0g51.jpg
294,new,"My first red sunflower has bloomed! (Don‚Äôt know the official name lol.) if you zoom in or swipe left, you can see a cute little friend keeping pests away üêû On the other side of the flower sits a praying mantis (not pictured).",4.0,i6myig,https://www.reddit.com/gallery/i6myig,https://www.reddit.com/gallery/i6myig
295,new,"Lantana finally blooming, but leaves have black spots. Any guidance on how to manage?",1.0,i6mwtt,https://www.reddit.com/gallery/i6mwtt,0.0
296,new,Hang on little girl! Your job's not done.,7.0,i6mvti,https://i.redd.it/t3ymekwbe0g51.jpg,https://i.redd.it/t3ymekwbe0g51.jpg
297,new,Peppers picked from my patch,16.0,i6mv1i,https://i.redd.it/sgxro5f4e0g51.jpg,https://i.redd.it/sgxro5f4e0g51.jpg
298,new,From ultraviolet to infrared every color under the sun.,9.0,i6musz,https://i.redd.it/kd4xodw1e0g51.jpg,0.0
299,new,Don't really know if this belongs here but I though this was really cool!,9.0,i6mthb,https://i.redd.it/k15cemvg8yf51.jpg,0.0
300,new,What happened to my basil?,2.0,i6mtcr,https://i.redd.it/w78grctnd0g51.jpg,https://i.redd.it/w78grctnd0g51.jpg
301,new,I‚Äôve had this orchid for a year and it finally bloomed!,10.0,i6msw8,https://i.redd.it/28fgy2bkd0g51.jpg,0.0
302,new,My surprise lilies came in strong,14.0,i6mrou,https://www.reddit.com/gallery/i6mrou,https://www.reddit.com/gallery/i6mrou
303,new,ID please: this extra plant growing in my clearance bin rescued rhododendron,2.0,i6mqlq,https://i.redd.it/8ycy37cyc0g51.jpg,https://i.redd.it/8ycy37cyc0g51.jpg
304,new,Shishito pepper experiment,2.0,i6mnqf,https://i.redd.it/kgg6lsd5c0g51.jpg,https://i.redd.it/kgg6lsd5c0g51.jpg
305,new,Is my rhubarb plant diseased? What should I do?,1.0,i6mnic,https://www.reddit.com/gallery/i6mnic,https://www.reddit.com/gallery/i6mnic
306,new,"Finally had my first tomato sandwich, fresh from the garden today!",9.0,i6mm9q,https://i.redd.it/a8c1dw5lb0g51.jpg,https://i.redd.it/a8c1dw5lb0g51.jpg
307,new,What is this plant? It looks like something from the dinosaur era.,1.0,i6mm40,https://www.reddit.com/gallery/i6mm40,https://www.reddit.com/gallery/i6mm40
308,new,What happens when I'm not home for a couple days üòÇüòÇü§§,10.0,i6mj88,https://i.redd.it/5m7bm0ita0g51.jpg,0.0
309,new,big cucumber snuck up on me,5.0,i6mg4u,https://i.redd.it/d42c89lv90g51.jpg,0.0
310,new,Alternative to Cedrus atlantica Glauca (Blue Atlas Cedar),1.0,i6mey0,https://www.reddit.com/r/gardening/comments/i6mey0/alternative_to_cedrus_atlantica_glauca_blue_atlas/,0.0
311,new,My last sunflowers,10.0,i6mej8,https://i.redd.it/j5afqmwf90g51.jpg,0.0
312,new,my cat has a new favorite spot...cucumber teepee!,27.0,i6mebq,https://i.redd.it/vbzwahwb90g51.jpg,https://i.redd.it/vbzwahwb90g51.jpg
313,new,I think I need a bigger sink,12.0,i6mdri,https://i.redd.it/typud69790g51.jpg,https://i.redd.it/typud69790g51.jpg
314,new,Take that depression! :),60.0,i6mcud,https://i.redd.it/cjxb8qdx80g51.jpg,https://i.redd.it/cjxb8qdx80g51.jpg
315,new,My Echeveria gave me a flower! üíö,23.0,i6mc6p,https://i.redd.it/ha3do8yp80g51.jpg,https://i.redd.it/ha3do8yp80g51.jpg
316,new,Topiary Kween,7.0,i6mc0a,https://i.redd.it/yenslsgo80g51.jpg,https://i.redd.it/yenslsgo80g51.jpg
317,new,Very proud of today‚Äôs harvest zone 6,7.0,i6mblc,https://i.redd.it/71uve9ik80g51.jpg,0.0
318,new,Help a beginner identify a pest issue on basil plant and course of action?,1.0,i6mb88,https://www.reddit.com/gallery/i6mb88,https://www.reddit.com/gallery/i6mb88
319,new,"Oh my god would you just pick ONE to ripen? Please? üò≠ (New England, early doll tomato plant)",7.0,i6mb2u,https://i.redd.it/n4tpebtc80g51.jpg,https://i.redd.it/n4tpebtc80g51.jpg
320,new,Moving outdoor plants inside,1.0,i6m9y8,https://www.reddit.com/r/gardening/comments/i6m9y8/moving_outdoor_plants_inside/,https://www.reddit.com/r/gardening/comments/i6m9y8/moving_outdoor_plants_inside/
321,new,WTF is this monster beast and what are the white things on it!?,3.0,i6m8zr,https://i.redd.it/xrfdzcks70g51.jpg,https://i.redd.it/xrfdzcks70g51.jpg
322,new,The daily. 9b,3.0,i6m78w,https://i.redd.it/mlmj4oma70g51.jpg,0.0
323,new,"Please help, what are the Yellow ‚Äúcrumbs‚Äù and black dots all over my Silverado Sage",1.0,i6m3ys,https://www.reddit.com/gallery/i6m3ys,https://www.reddit.com/gallery/i6m3ys
324,new,Do I harvest the ripe tomatoes or wait until the full bunch is ready?,7.0,i6m38m,https://i.redd.it/t2ccyfr460g51.jpg,https://i.redd.it/t2ccyfr460g51.jpg
325,new,Mother in law wants to know what tree this is. I‚Äôve said it looks like a type of crab apple but I‚Äôve never seen oval ones like this. Not 100% sure it‚Äôs an Apple.,1.0,i6m2ww,https://i.redd.it/95p1za2260g51.jpg,https://i.redd.it/95p1za2260g51.jpg
326,new,[Question] Do glyphosate weed killers kill insects?,0.0,i6m1s7,https://www.reddit.com/r/gardening/comments/i6m1s7/question_do_glyphosate_weed_killers_kill_insects/,https://www.reddit.com/r/gardening/comments/i6m1s7/question_do_glyphosate_weed_killers_kill_insects/
327,new,"First time growing banana peppers! I want to pick them yellow, not red. Are they ready or should I let them go longer?",4.0,i6m105,https://i.redd.it/y1e12ncg50g51.jpg,https://i.redd.it/y1e12ncg50g51.jpg
328,new,"How DARE you cut back my overgrown rose forest, human!",9.0,i6m0sl,https://i.redd.it/xx3esg9e50g51.jpg,0.0
329,new,Need help!,5.0,i6m0e6,https://i.redd.it/d6yeddm450g51.jpg,https://i.redd.it/d6yeddm450g51.jpg
330,new,What is wrong with my thunderchild crab apple tree?,1.0,i6m02e,https://www.reddit.com/gallery/i6m02e,https://www.reddit.com/gallery/i6m02e
331,new,"The seed packet said Giant Pumpkin, but it looks like a yellow squash of some sort. Anyone recognize it?",3.0,i6lusl,https://i.redd.it/vc53ds2e30g51.png,https://i.redd.it/vc53ds2e30g51.png
332,new,Not enough memes on this sub:,5.0,i6ltiq,https://i.redd.it/8952pok930g51.jpg,https://i.redd.it/8952pok930g51.jpg
333,new,Fused Crook Neck Squash. My first of the season and I actually thought it was a double pumpkin growing on the same stem. Nope! It was this interesting veggie! We are gonna try it today. Will update you on flavor in the comments later! Happy gardening!!,1.0,i6lqbl,https://www.reddit.com/gallery/i6lqbl,0.0
334,new,Caught this little guy taking a nap in the zucchini this morning üòÅ,6.0,i6lpxj,https://i.redd.it/4k8410b820g51.jpg,https://i.redd.it/4k8410b820g51.jpg
335,new,My tomato monster:),4.0,i6lprj,https://www.reddit.com/gallery/i6lprj,0.0
336,new,What is this on my tomato plants?,1.0,i6lpgx,https://www.reddit.com/r/gardening/comments/i6lpgx/what_is_this_on_my_tomato_plants/,https://www.reddit.com/r/gardening/comments/i6lpgx/what_is_this_on_my_tomato_plants/
337,new,What‚Äôs wrong with this Spanish lavender?,2.0,i6lp31,https://i.redd.it/28yo7v1020g51.jpg,https://i.redd.it/28yo7v1020g51.jpg
338,new,A comic I made about gardening,224.0,i6loyy,https://i.redd.it/5rxr9nqy10g51.jpg,https://i.redd.it/5rxr9nqy10g51.jpg
339,new,Questions about potted cat palm,1.0,i6loeg,https://www.reddit.com/r/gardening/comments/i6loeg/questions_about_potted_cat_palm/,https://www.reddit.com/r/gardening/comments/i6loeg/questions_about_potted_cat_palm/
340,new,Mesmerizing,1.0,i6lo6h,https://imgur.com/gallery/oe4wdM0,0.0
341,new,My corn wasn't quite a success this year any advice available?,4.0,i6lnvu,https://i.redd.it/mpk9cxym10g51.jpg,https://i.redd.it/mpk9cxym10g51.jpg
342,new,My Nana‚Äôs garden. Little bit of magic in the English suburbs.,12.0,i6lnkf,https://v.redd.it/87l4slt5ezf51,0.0
343,new,Caterpillar camouflaged itself with Oregano flowers,2.0,i6lhab,https://www.reddit.com/gallery/i6lhab,https://www.reddit.com/gallery/i6lhab
344,new,Does anyone know what these bugs on my bell pepper plants are? And what I should do to keep them from ruining my entire garden?,1.0,i6lgrr,https://i.imgur.com/HGjePfZ.jpg,https://i.imgur.com/HGjePfZ.jpg
345,new,Wish my squash were doing as well ü§∑‚Äç‚ôÇÔ∏è,12.0,i6lfp0,https://i.redd.it/1yyau2y6zzf51.jpg,0.0
346,new,Small but delicious pickings today!,5.0,i6lf63,https://i.redd.it/oy7fapb1zzf51.jpg,0.0
347,new,My cilantro finally germinated!,6.0,i6leqx,https://i.redd.it/vzyle78xyzf51.jpg,0.0
348,new,Found these guys hiding in my tomatoes . blessed.,14.0,i6le4x,https://www.reddit.com/gallery/i6le4x,https://www.reddit.com/gallery/i6le4x
349,new,I found old box springs by the trash used them for raised planters,11.0,i6ldco,https://www.reddit.com/gallery/i6ldco,https://www.reddit.com/gallery/i6ldco
350,new,Just finished planting a coconut tree! And now we wait...,5.0,i6lbmu,https://i.redd.it/654escyxxzf51.jpg,0.0
351,new,Before and after. Previous owner hadn‚Äôt gardened in 3 years,21.0,i6laeq,https://www.reddit.com/gallery/i6laeq,https://www.reddit.com/gallery/i6laeq
352,new,Anyone know what this is? (See comments for context),1.0,i6l803,https://i.redd.it/9zw3fxmxwzf51.jpg,https://i.redd.it/9zw3fxmxwzf51.jpg
353,new,"So this started to happen, and I don't know what it is...",2.0,i6l51l,https://i.redd.it/63m0sa50wzf51.jpg,https://i.redd.it/63m0sa50wzf51.jpg
354,new,What are your tomato growing tips?,4.0,i6l3gp,https://www.reddit.com/r/gardening/comments/i6l3gp/what_are_your_tomato_growing_tips/,https://www.reddit.com/r/gardening/comments/i6l3gp/what_are_your_tomato_growing_tips/
355,new,"The anticipation is killing me. I love marigolds, they‚Äôre my favorite because nothing in zone 8 will eat them!!",6.0,i6l391,https://i.redd.it/2bv8a39gvzf51.jpg,0.0
356,new,"Since you like my dad‚Äôs onion, here is a mutant 2.5lb Brandywine tomato he just harvested as well!",15.0,i6l31u,https://i.redd.it/8ts990wdvzf51.jpg,0.0
357,new,Good morning from the high desert.,27.0,i6l2lt,https://i.imgur.com/BdIGych.jpg,https://i.imgur.com/BdIGych.jpg
358,new,Lemon Tree? Help! Thank you to all!,4.0,i6l2ln,https://www.reddit.com/gallery/i6l2ln,https://www.reddit.com/gallery/i6l2ln
359,new,Best methods to take care of squash vine borers?,2.0,i6l2ld,https://www.reddit.com/r/gardening/comments/i6l2ld/best_methods_to_take_care_of_squash_vine_borers/,https://www.reddit.com/r/gardening/comments/i6l2ld/best_methods_to_take_care_of_squash_vine_borers/
360,new,Cardinal flower this morning. Been waiting for these to show up and off!,6.0,i6l1pp,https://i.redd.it/2sizlwazuzf51.jpg,0.0
361,new,My bumble buddy working hard today. üêù,9.0,i6ky79,https://i.redd.it/3wpvivdutzf51.jpg,0.0
362,new,Gardening newbie: help me with my dying plants!,3.0,i6kxeg,https://www.reddit.com/r/gardening/comments/i6kxeg/gardening_newbie_help_me_with_my_dying_plants/,https://www.reddit.com/r/gardening/comments/i6kxeg/gardening_newbie_help_me_with_my_dying_plants/
363,new,Does anyone know how long it takes to harvest bunching onions from seed?,1.0,i6kuyl,https://www.reddit.com/r/gardening/comments/i6kuyl/does_anyone_know_how_long_it_takes_to_harvest/,0.0
364,new,When you first started gardening what hard lessons did you have to learn?,5.0,i6kt56,https://www.reddit.com/r/gardening/comments/i6kt56/when_you_first_started_gardening_what_hard/,https://www.reddit.com/r/gardening/comments/i6kt56/when_you_first_started_gardening_what_hard/
365,new,Inside a hydrangea,211.0,i6kr5r,https://i.imgur.com/Oi6HKLw.jpg,https://i.imgur.com/Oi6HKLw.jpg
366,new,"Testing ppm/EC of soil samples - help me out with the maths, please :)",1.0,i6kr4h,https://www.reddit.com/r/gardening/comments/i6kr4h/testing_ppmec_of_soil_samples_help_me_out_with/,https://www.reddit.com/r/gardening/comments/i6kr4h/testing_ppmec_of_soil_samples_help_me_out_with/
367,new,"33 pints of pickles, peppers and pickles zucchini.",10.0,i6kqef,https://i.imgur.com/MVGzF9r.jpg,https://i.imgur.com/MVGzF9r.jpg
368,new,"Help please, peppermint plant",6.0,i6kn1h,https://i.redd.it/ppu981ugqzf51.jpg,https://i.redd.it/ppu981ugqzf51.jpg
369,new,My thistle brings all the bugs to the yard,82.0,i6kl7c,https://i.imgur.com/Qg04dxE.jpg,https://i.imgur.com/Qg04dxE.jpg
370,new,Please help!!! Edamame plant,2.0,i6kkpu,https://www.reddit.com/gallery/i6kkpu,https://www.reddit.com/gallery/i6kkpu
371,new,Can you help identify this plant please?,5.0,i6kkod,https://www.reddit.com/gallery/i6kkod,https://www.reddit.com/gallery/i6kkod
372,new,A bit overgrown but it makes me happy (NM7b),15.0,i6kkde,https://i.redd.it/l1n0o1rhpzf51.jpg,0.0
373,rising,Take that depression! :),58.0,i6mcud,https://i.redd.it/cjxb8qdx80g51.jpg,https://i.redd.it/cjxb8qdx80g51.jpg
374,rising,my cat has a new favorite spot...cucumber teepee!,27.0,i6mebq,https://i.redd.it/vbzwahwb90g51.jpg,https://i.redd.it/vbzwahwb90g51.jpg
375,rising,My Echeveria gave me a flower! üíö,23.0,i6mc6p,https://i.redd.it/ha3do8yp80g51.jpg,https://i.redd.it/ha3do8yp80g51.jpg
376,rising,Peppers picked from my patch,16.0,i6mv1i,https://i.redd.it/sgxro5f4e0g51.jpg,https://i.redd.it/sgxro5f4e0g51.jpg
377,rising,My surprise lilies came in strong,14.0,i6mrou,https://www.reddit.com/gallery/i6mrou,https://www.reddit.com/gallery/i6mrou
378,rising,I think I need a bigger sink,12.0,i6mdri,https://i.redd.it/typud69790g51.jpg,https://i.redd.it/typud69790g51.jpg
379,rising,My last sunflowers,10.0,i6mej8,https://i.redd.it/j5afqmwf90g51.jpg,0.0
380,rising,I‚Äôve had this orchid for a year and it finally bloomed!,10.0,i6msw8,https://i.redd.it/28fgy2bkd0g51.jpg,0.0
381,rising,What happens when I'm not home for a couple days üòÇüòÇü§§,10.0,i6mj88,https://i.redd.it/5m7bm0ita0g51.jpg,0.0
382,rising,From ultraviolet to infrared every color under the sun.,9.0,i6musz,https://i.redd.it/kd4xodw1e0g51.jpg,0.0
383,rising,First time gardener. In love with all the color in my patio garden ü•∞,9.0,i6ncwo,https://i.redd.it/d9awc114j0g51.jpg,0.0
384,rising,"Finally had my first tomato sandwich, fresh from the garden today!",9.0,i6mm9q,https://i.redd.it/a8c1dw5lb0g51.jpg,https://i.redd.it/a8c1dw5lb0g51.jpg
385,rising,Don't really know if this belongs here but I though this was really cool!,9.0,i6mthb,https://i.redd.it/k15cemvg8yf51.jpg,0.0
386,rising,Very proud of today‚Äôs harvest zone 6,7.0,i6mblc,https://i.redd.it/71uve9ik80g51.jpg,0.0
387,rising,Topiary Kween,7.0,i6mc0a,https://i.redd.it/yenslsgo80g51.jpg,https://i.redd.it/yenslsgo80g51.jpg
388,rising,4 types of peppers from my garden,7.0,i6n0nb,https://i.redd.it/2mzdddjnf0g51.jpg,0.0
389,rising,"Oh my god would you just pick ONE to ripen? Please? üò≠ (New England, early doll tomato plant)",7.0,i6mb2u,https://i.redd.it/n4tpebtc80g51.jpg,https://i.redd.it/n4tpebtc80g51.jpg
390,rising,Hang on little girl! Your job's not done.,7.0,i6mvti,https://i.redd.it/t3ymekwbe0g51.jpg,https://i.redd.it/t3ymekwbe0g51.jpg
391,rising,Not a fancy pick but I'm proud of these winter hardy hibiscus,5.0,i6n5dm,https://i.redd.it/39e3znrzg0g51.jpg,https://i.redd.it/39e3znrzg0g51.jpg
392,rising,big cucumber snuck up on me,5.0,i6mg4u,https://i.redd.it/d42c89lv90g51.jpg,0.0
393,rising,The daily. 9b,3.0,i6m78w,https://i.redd.it/mlmj4oma70g51.jpg,0.0
394,rising,"My first red sunflower has bloomed! (Don‚Äôt know the official name lol.) if you zoom in or swipe left, you can see a cute little friend keeping pests away üêû On the other side of the flower sits a praying mantis (not pictured).",4.0,i6myig,https://www.reddit.com/gallery/i6myig,https://www.reddit.com/gallery/i6myig
395,rising,Cleaning out this space. What veggies/fruits can I plant this late in the season? And close to the house,3.0,i6mz1b,https://i.redd.it/8yuobdh7f0g51.jpg,https://i.redd.it/8yuobdh7f0g51.jpg
396,rising,"Gords I started in my alleyway! Finally seeing some good progress, pretty busy alley hopefully nobody notices!",3.0,i6nakp,https://www.reddit.com/gallery/i6nakp,https://www.reddit.com/gallery/i6nakp
397,rising,WTF is this monster beast and what are the white things on it!?,3.0,i6m8zr,https://i.redd.it/xrfdzcks70g51.jpg,https://i.redd.it/xrfdzcks70g51.jpg
398,rising,These popped up from my compost...ID please. Acorn?,2.0,i6n5ct,https://www.reddit.com/r/gardening/comments/i6n5ct/these_popped_up_from_my_compostid_please_acorn/,https://www.reddit.com/r/gardening/comments/i6n5ct/these_popped_up_from_my_compostid_please_acorn/
399,rising,Shishito pepper experiment,2.0,i6mnqf,https://i.redd.it/kgg6lsd5c0g51.jpg,https://i.redd.it/kgg6lsd5c0g51.jpg
400,rising,What happened to my basil?,2.0,i6mtcr,https://i.redd.it/w78grctnd0g51.jpg,https://i.redd.it/w78grctnd0g51.jpg
401,rising,ID please: this extra plant growing in my clearance bin rescued rhododendron,2.0,i6mqlq,https://i.redd.it/8ycy37cyc0g51.jpg,https://i.redd.it/8ycy37cyc0g51.jpg
402,top,Join the Battle for Net Neutrality! Don't let the FCC destroy the internet!,75915.0,7eksjh,https://www.battleforthenet.com/?utm_source=AN&utm_medium=email&utm_campaign=BFTNCallTool&utm_content=voteannouncement&ref=fftf_fftfan1120_30&link_id=0&can_id=185bf77ffd26b044bcbf9d7fadbab34e&email_referrer=email_265020&email_subject=net-neutrality-dies-in-one-month-unless-we-stop-it,https://www.battleforthenet.com/?utm_source=AN&utm_medium=email&utm_campaign=BFTNCallTool&utm_content=voteannouncement&ref=fftf_fftfan1120_30&link_id=0&can_id=185bf77ffd26b044bcbf9d7fadbab34e&email_referrer=email_265020&email_subject=net-neutrality-dies-in-one-month-unless-we-stop-it
403,top,Dragon fruits on my rooftop garden,50913.0,7ojhzl,https://i.imgur.com/v9KFtIK.jpg,https://i.imgur.com/v9KFtIK.jpg
404,top,"My grandpa says we ""need to get the word out"" about how beautiful his Crepe Myrtle is.",44927.0,6xg9g5,https://i.redd.it/pky375s49bjz.jpg,https://i.redd.it/pky375s49bjz.jpg
405,top,"Hubs deployed and said I could build a garden to keep me busy. Never built anything before, did my best and can't wait to show him.",44220.0,8g20tr,https://imgur.com/NYMnNhs,https://imgur.com/NYMnNhs
406,top,I'm having trouble identifying this plant,32382.0,8lbiol,https://imgur.com/oJ7p1xa,https://imgur.com/oJ7p1xa
407,top,"I used to sit in the desert of Afghanistan eating MRE‚Äôs daydreaming about having a home with a garden with fresh food. Years later, dream achieved.",31361.0,8vkf9g,https://i.redd.it/o0fpa13bjk711.jpg,https://i.redd.it/o0fpa13bjk711.jpg
408,top,"Yes, and I am fine with that.",27953.0,6nb8ci,https://i.redd.it/9n2merzlyl9z.jpg,https://i.redd.it/9n2merzlyl9z.jpg
409,top,This beautiful two toned rose in my garden. I have never seen this before.,26159.0,8p5wdi,https://i.redd.it/dajh27425h211.jpg,https://i.redd.it/dajh27425h211.jpg
410,top,My night sky petunia!,24349.0,6bra76,https://i.redd.it/iqvjzf7fc4yy.jpg,https://i.redd.it/iqvjzf7fc4yy.jpg
411,top,Omg guys I was on the tv! My garden was on bbc news today! Happy boy :) üå¥‚ù§Ô∏èüåø,23800.0,9j5do1,https://v.redd.it/vn32pne6qmo11,https://v.redd.it/vn32pne6qmo11
412,top,My dad‚Äôs garden. He has gotten to the point where he now has to sneak in new plants and little statues so my mum doesn‚Äôt tell him off for hoarding!,22680.0,96fosu,https://i.redd.it/xqxgatpv0gf11.jpg,https://i.redd.it/xqxgatpv0gf11.jpg
413,top,Current view from my sewing studio,22163.0,8o3ngf,https://i.redd.it/ung6nafqln111.jpg,https://i.redd.it/ung6nafqln111.jpg
414,top,It's alive!,21781.0,8yb73a,https://i.imgur.com/jqhxBVO.jpg,https://i.imgur.com/jqhxBVO.jpg
415,top,A bountiful harvest. This will get me through the harsh winter months.,21328.0,952mvj,https://i.redd.it/3xzhom0nzhe11.jpg,https://i.redd.it/3xzhom0nzhe11.jpg
416,top,The Grandparents Garden is looking AMAZING,20941.0,93rq81,https://i.redd.it/t432shuh1jd11.jpg,https://i.redd.it/t432shuh1jd11.jpg
417,top,Greetings from the Navajo Nation. Here's my peach tree in full bloom at sunset.,20884.0,89w1v3,https://i.imgur.com/ADj9Rnt.jpg,https://i.imgur.com/ADj9Rnt.jpg
418,top,"I do not eat zucchini, so I had no idea you weren't supposed to let them get this big.",20870.0,73s3d2,https://i.imgur.com/rRcaOQl.jpg,https://i.imgur.com/rRcaOQl.jpg
419,top,Bagged our limit on opening day,20849.0,8xapgg,https://i.redd.it/xx88yclqqw811.jpg,https://i.redd.it/xx88yclqqw811.jpg
420,top,"After battling the courts, my uncle has regained my great-grandparents and grandparents farmstead and revitalized it into working condition. Buffalo, NY.",20832.0,9h84eg,https://i.redd.it/uvhjmiq6u8n11.jpg,https://i.redd.it/uvhjmiq6u8n11.jpg
421,top,My melons needed some support.,20150.0,9don52,https://i.redd.it/iddbexo4ipk11.jpg,https://i.redd.it/iddbexo4ipk11.jpg
422,top,I found a surprise in my rose bush!,20113.0,8gl6hw,https://imgur.com/Y387Xjr,https://imgur.com/Y387Xjr
423,top,"Took 3 years, but you can grow a pineapple in Ohio",19471.0,8q9f68,https://i.redd.it/y6qr7s91gd311.jpg,https://i.redd.it/y6qr7s91gd311.jpg
424,top,An ancient White Oak (which was my favourite tree and the gathering point for my friends and I as teenagers) sadly fell in a storm last year. I saved three acorns but only this one germinated. Maybe one day some other kids will sit underneath it and form lifelong memories together,19364.0,9bu4h8,https://i.redd.it/1lm0gygnwfj11.jpg,https://i.redd.it/1lm0gygnwfj11.jpg
425,top,"My Grandpa built a teepee for his bean plant and planted wildflowers on the sides, he's really proud of it and I wanted to share it with all of you‚ù§Ô∏è",19308.0,6xpu5v,https://i.redd.it/7g5trehw3kjz.jpg,https://i.redd.it/7g5trehw3kjz.jpg
426,top,"My dad is growing an avacado tree at his office... In Edmonton, Alberta.",19250.0,95c60h,https://i.redd.it/6yzydu2xmoe11.jpg,https://i.redd.it/6yzydu2xmoe11.jpg
427,top,After 2 years of nurturing my first Passion Flower bloomed today.,19003.0,6g4o1q,https://i.redd.it/qjn3vjuk9i2z.jpg,https://i.redd.it/qjn3vjuk9i2z.jpg
428,top,I took a picture of the family garden every day from April to November. Here is the 7 month time-lapse!,18887.0,827c1j,https://gfycat.com/gifs/detail/FamousSeveralBorer,https://gfycat.com/gifs/detail/FamousSeveralBorer
429,top,Was checking the garden and accidentally woke up this grumpy guy: üê∏ üò°,18833.0,8mzvtc,https://i.imgur.com/VWh0kU1.jpg,https://i.imgur.com/VWh0kU1.jpg
430,top,You guys enjoyed my cactus last time it had 3 blooms. This time I give you 7!,18735.0,97nyyh,https://i.redd.it/9ekmlfcaxcg11.jpg,https://i.redd.it/9ekmlfcaxcg11.jpg
431,top,Electric snail fence! (Not 100% this belongs here),18329.0,92n43a,https://v.redd.it/w896s1dsnpc11,https://v.redd.it/w896s1dsnpc11
432,top,"Not mine, but my boyfriend's mother's garden this evening. (Just about 1/5th of it).",18110.0,97v9cx,https://i.redd.it/952ks21c9ig11.jpg,https://i.redd.it/952ks21c9ig11.jpg
433,top,What a difference one year makes!,18011.0,8nkzvx,https://i.imgur.com/0Xb1o8h.jpg,https://i.imgur.com/0Xb1o8h.jpg
434,top,"Diller carefully eats my avocados, then brings me the cleaned pits. I sprout them, then give them away with a picture of him cleaning that particular one.",17940.0,85y4vk,https://i.imgur.com/1cYIST6.jpg,https://i.imgur.com/1cYIST6.jpg
435,top,incorporating the rain into your garden [x-post r/pics],17841.0,6le7dg,http://i.imgur.com/Ipynq6W.jpg,http://i.imgur.com/Ipynq6W.jpg
436,top,Sacrificed my phone overnight to catch this beauty bloom. Isn‚Äôt it gorgeous?!,17541.0,apxmih,https://v.redd.it/k32lvh9n27g21,https://v.redd.it/k32lvh9n27g21
437,top,My mum doesn't use Reddit but I thought I'd show off her pride and joy- UK,17520.0,6knw6d,https://i.redd.it/cjookp2vb07z.jpg,https://i.redd.it/cjookp2vb07z.jpg
438,top,"For my cakeday, I present the best carrot I‚Äôve ever grown.",17266.0,9jepx7,https://i.redd.it/vlnsf094dto11.jpg,https://i.redd.it/vlnsf094dto11.jpg
439,top,I am growing 800 California Native plants to study their traits for use in post-fire ecosystem restoration in natural areas!,17262.0,8sc5vp,https://i.redd.it/offpjqwko0511.jpg,https://i.redd.it/offpjqwko0511.jpg
440,top,Four years of hard work later,17146.0,69uj8t,https://i.redd.it/bdss6ddzw5wy.jpg,https://i.redd.it/bdss6ddzw5wy.jpg
441,top,My grammy's stunning hydrangea bush she's so proud of,17044.0,6nm2ox,https://i.redd.it/p9ws1ahtby9z.jpg,https://i.redd.it/p9ws1ahtby9z.jpg
442,top,The seed package called this sunflower mix ‚ÄúDrop Dead Red‚Äù. They were right!!,17025.0,8hsf5m,https://i.redd.it/0k8p6sk60jw01.jpg,https://i.redd.it/0k8p6sk60jw01.jpg
443,top,My lemon trees I grew from seed two years ago that I have to leave behind as I evacuate for Irma :(,16918.0,6z1nz7,https://i.redd.it/o5moeh8jzukz.jpg,https://i.redd.it/o5moeh8jzukz.jpg
444,top,"Last pic I was able to get of my dad's garden before he retired and moved overseas. Makakilo, Hawai'i.",16703.0,8f1ota,https://i.redd.it/kkskr3v5g8u01.jpg,https://i.redd.it/kkskr3v5g8u01.jpg
445,top,Good things are coming out of this quarantine,16538.0,g8dwn7,https://i.redd.it/5gamow1wt5v41.jpg,https://i.redd.it/5gamow1wt5v41.jpg
446,top,Not sure if this is allowed but thought you folks might appreciate it :),16398.0,b4y8uk,https://i.redd.it/ad46wj4pf3o21.jpg,https://i.redd.it/ad46wj4pf3o21.jpg
447,top,80-Year-Old Man Hasn‚Äôt Watered This Sealed Bottle Garden Since 1972 And It‚Äôs Still Alive,16382.0,8z1mw4,https://i.imgur.com/BdybgLb.jpg,https://i.imgur.com/BdybgLb.jpg
448,top,First mango from a tree that was grown from seed!!!,16233.0,8dbpgr,https://i.redd.it/6vi1qrdebss01.jpg,https://i.redd.it/6vi1qrdebss01.jpg
449,top,My Grandpa with his cantaloupes in his garden. I‚Äôve learned everything I know about gardening from him & I couldn‚Äôt be more proud,16044.0,94wjb0,https://i.redd.it/2hjply6z7de11.jpg,https://i.redd.it/2hjply6z7de11.jpg
450,top,My hotel in Paris. Real plants!,15966.0,8bggyy,https://i.redd.it/7mu53gyfq9r01.jpg,https://i.redd.it/7mu53gyfq9r01.jpg
451,top,The spoils of months of hard work and tender care.,15924.0,9d13zd,https://imgur.com/Zuz7qYC,https://imgur.com/Zuz7qYC
452,top,"Pepa just got a smart phone, he tried to send me a pic of his first tomato this year but hasn‚Äôt quite figured out the camera üòÇ",15821.0,gqfzp3,https://i.redd.it/2nxpc198cy051.jpg,https://i.redd.it/2nxpc198cy051.jpg
453,top,Lettuce from our garden,15747.0,8sm79z,https://i.redd.it/423ocazf58511.jpg,https://i.redd.it/423ocazf58511.jpg
454,top,Single triumphant asparagus,15702.0,8g9m8l,https://i.imgur.com/LfHgcGX.jpg,https://i.imgur.com/LfHgcGX.jpg
455,top,An excellent Australian finger lime i grew.,15546.0,7vhibs,https://i.redd.it/kcszospsage01.jpg,https://i.redd.it/kcszospsage01.jpg
456,top,Dragon fruits in container,15544.0,7oplr5,https://i.imgur.com/R82V14B.jpg,https://i.imgur.com/R82V14B.jpg
457,top,My brother's Azalea bonsai is in full bloom,15536.0,9m4djs,https://i.redd.it/o0fha4gp0rq11.jpg,https://i.redd.it/o0fha4gp0rq11.jpg
458,top,Do you even tomate-bro?,15378.0,6ps0vh,https://i.redd.it/sdqirx1cu0cz.jpg,https://i.redd.it/sdqirx1cu0cz.jpg
459,top,"Not gardening, but I thought it might be appreciated here.",15367.0,9f1bm0,https://i.redd.it/583yrvd4bol11.jpg,https://i.redd.it/583yrvd4bol11.jpg
460,top,My farms Produce. I love the farmer am becoming.,15271.0,hd6l5q,https://i.redd.it/8vocx02th9651.jpg,https://i.redd.it/8vocx02th9651.jpg
461,top,My GFs window box that she said nobody on reddit would care about.,15243.0,71vaf9,https://i.redd.it/on87bzlb7jnz.jpg,https://i.redd.it/on87bzlb7jnz.jpg
462,top,I scarred a pumpkin.,15229.0,6rw3ym,https://i.redd.it/22appk66a1ez.png,https://i.redd.it/22appk66a1ez.png
463,top,"My husband passed away in December. I‚Äôve learned gardening is a great way to deal with grief. I installed this 2,500 gallon pond this spring and have been working on the landscaping. I‚Äôm pretty proud of it ü§ó",14968.0,gyzfnc,https://i.redd.it/ljrv7rdqvo351.jpg,https://i.redd.it/ljrv7rdqvo351.jpg
464,top,Welcome to my secret garden.,14919.0,8pxqin,https://i.redd.it/6k2yx1rdz2311.jpg,https://i.redd.it/6k2yx1rdz2311.jpg
465,top,This is my 89 year old father. His father planted these rhubarbs...in 1923.,14779.0,6b65vi,http://i.imgur.com/CmTJO3z.jpg,http://i.imgur.com/CmTJO3z.jpg
466,top,Our first tomato harvest!!,14740.0,hpid20,https://i.redd.it/prf86xrnsaa51.jpg,https://i.redd.it/prf86xrnsaa51.jpg
467,top,"Beehives, a shade garden, and a new shed, and I think my backyard is finally finished",14588.0,8qiigv,https://i.redd.it/45hcnsskck311.jpg,https://i.redd.it/45hcnsskck311.jpg
468,top,My mother tried to plant something and a Demogorgon was born instead,14585.0,815uk6,https://i.redd.it/lbozbynh26j01.jpg,https://i.redd.it/lbozbynh26j01.jpg
469,top,My husband really wanted some galaxy petunias after seeing them on Reddit. We went to a Flower & Garden Festival and found them in the first booth we looked at!,14525.0,8e3mff,https://i.redd.it/qovht0z42ht01.jpg,https://i.redd.it/qovht0z42ht01.jpg
470,top,Effing wasps.,14481.0,80xupl,https://i.redd.it/43muhu0zozi01.jpg,https://i.redd.it/43muhu0zozi01.jpg
471,top,"Some of you thought I wouldn‚Äôt go thru with a maternity shoot for our mutant baby zucchini but here‚Äôs the thing fam, we‚Äôre pretty weird and we hate to disappoint the Internet. 5lbs 6oz of delicious.",14443.0,czeowo,https://i.redd.it/8mlbl570mhk31.jpg,https://i.redd.it/8mlbl570mhk31.jpg
472,top,My precious carrot harvest from this year. Matchsticks for size comparison...,14401.0,98arkr,https://i.redd.it/0wxq7h1dxtg11.jpg,https://i.redd.it/0wxq7h1dxtg11.jpg
473,top,Nothing captures the essence of gardening like the look of quiet disappointment on my 3 year old daughter's face as she pulled up the carrot she'd been watering for 3 months.,14263.0,5t2fsl,https://i.redd.it/8hzky9pj1wey.jpg,https://i.redd.it/8hzky9pj1wey.jpg
474,top,I was walking in my neighborhood and this camellia literally stopped me in my tracks,14152.0,aue4vw,https://i.redd.it/dudcdaf6qli21.jpg,https://i.redd.it/dudcdaf6qli21.jpg
475,top,Let's give a hand to our pollinators.,14111.0,gj2mi7,https://i.redd.it/ekkygly79ky41.jpg,https://i.redd.it/ekkygly79ky41.jpg
476,top,Found out why my strawberries are doing bad this year..,13991.0,96oivz,https://i.redd.it/e4r0m739dnf11.jpg,https://i.redd.it/e4r0m739dnf11.jpg
477,top,Summer is here ‚òÄÔ∏èüî•üåøüå¥,13756.0,8wbqc7,https://i.redd.it/j18z8f8wm5811.jpg,https://i.redd.it/j18z8f8wm5811.jpg
478,top,What a difference a few years can make. Idea 2017 vs established garden 2020,13681.0,guli4l,https://i.redd.it/hpcct4gs5b251.jpg,https://i.redd.it/hpcct4gs5b251.jpg
479,top,Just an update...,13635.0,6hpi1b,https://i.redd.it/vhgbv2rbs24z.jpg,https://i.redd.it/vhgbv2rbs24z.jpg
480,top,Almost there!! Ripen up my sweet prince üçç,13607.0,8okorg,https://i.redd.it/xpfq036wo1211.jpg,https://i.redd.it/xpfq036wo1211.jpg
481,top,"I ate an avocado 2,5 years ago, and kept the seed. This is my avocado seed today!",13548.0,7ffdkl,https://i.imgur.com/AqIXg5H.jpg,https://i.imgur.com/AqIXg5H.jpg
482,top,My garden is my happy place.,13505.0,hua6ri,https://i.redd.it/fifwz6z2bwb51.jpg,https://i.redd.it/fifwz6z2bwb51.jpg
483,top,View from the backyard,13478.0,8uf6jx,https://i.redd.it/l4wztib09n611.jpg,https://i.redd.it/l4wztib09n611.jpg
484,top,Banana for scale. Kitten for likes. Zucchini for wow.,13472.0,9aamkt,https://i.redd.it/2mb7bi8kcbi11.jpg,https://i.redd.it/2mb7bi8kcbi11.jpg
485,top,My mom shared this meme on FB today,13455.0,fwm7qr,https://i.redd.it/cd3pycxxwer41.jpg,https://i.redd.it/cd3pycxxwer41.jpg
486,top,From my FB group,13394.0,8o9o9k,https://i.redd.it/is8x6qryat111.png,https://i.redd.it/is8x6qryat111.png
487,top,My husband and I built a 10x30ft greenhouse during our 1 year old's naps!,13350.0,8b4t2g,https://i.redd.it/x11ht3c790r01.jpg,https://i.redd.it/x11ht3c790r01.jpg
488,top,"After clearing out a wheelchair, three mismatched shoes, a deflated ball and a buried chunk of brick wall, I finally have my very first garden! ü•∞",13260.0,hjg7uh,https://i.redd.it/ywdg7j7xia851.jpg,https://i.redd.it/ywdg7j7xia851.jpg
489,top,My mother‚Äôs orangery in Denmark,13091.0,7xqcnz,https://i.redd.it/qxpd38jopdg01.jpg,https://i.redd.it/qxpd38jopdg01.jpg
490,top,"Thanks to Reddit, I now know not to pull this (milk)weed. Today, while taking my morning stroll around the garden, I saw my first monarch caterpillar ever, and it happens to be my birthday!!!",13045.0,97hk0o,https://i.redd.it/a3yasxsqv8g11.jpg,https://i.redd.it/a3yasxsqv8g11.jpg
491,top,"My plum harvest, from one tree.",13009.0,99y1zz,https://i.redd.it/gumblzr712i11.jpg,https://i.redd.it/gumblzr712i11.jpg
492,top,Update on my Ohio pineapple,13002.0,98nc19,https://i.redd.it/g249dxwn14h11.jpg,https://i.redd.it/g249dxwn14h11.jpg
493,top,"I know it‚Äôs nothing too spectacular, but I am in love with how my deck flowers turned out :)",12947.0,8uu32l,https://i.redd.it/liqp6qgjmy611.jpg,https://i.redd.it/liqp6qgjmy611.jpg
494,top,"Move over Coachella, no one does a flower crown like a cactus!",12935.0,9e6b5p,https://i.redd.it/yqvv6umz42l11.jpg,https://i.redd.it/yqvv6umz42l11.jpg
495,top,Turns out the beans my parents planted are scarlet runner beans,12934.0,74xo8c,http://imgur.com/zzXZ87g,http://imgur.com/zzXZ87g
496,top,My dad gave me this bromeliad out of his garden shortly after he was diagnosed with cancer. 8 months after he passed it is blooming for the very first time. First time crying over a plant but I can imagine it won‚Äôt be the last.,12897.0,9asnye,https://i.redd.it/0t8pwz7w7pi11.jpg,https://i.redd.it/0t8pwz7w7pi11.jpg
497,top,"My three year old beaming with pride at her first ever harvest of beans which she helped to sow, water, plant out and build the support for. She picked these herself and ate most of them! Makes my heart happy to pass on this passion.",12860.0,hw0d7d,https://i.redd.it/xtou4ykgngc51.jpg,https://i.redd.it/xtou4ykgngc51.jpg
498,top,Once a year my cactus likes to bloom :-),12855.0,8ipef8,https://i.redd.it/oij2fq8yd9x01.jpg,https://i.redd.it/oij2fq8yd9x01.jpg
499,top,It may not be much but I made it myself- my corner box in full bloom.,12821.0,9ag6tg,https://i.redd.it/rsznt3egdgi11.jpg,https://i.redd.it/rsznt3egdgi11.jpg
500,top,"Our local farmers have established so-called ""flora belts"" for the bees in their fields (Funen, Denmark).",12799.0,i5obk1,https://imgur.com/NaUUwcq,https://imgur.com/NaUUwcq
501,top,A photo from two summers ago. This was my first time ever growing sunflowers.,12778.0,6r8moy,https://i.redd.it/afvfr90r2fdz.jpg,https://i.redd.it/afvfr90r2fdz.jpg
